{
  "type": "bundle",
  "id": "bundle--bcbe6848-94fd-48bc-ba1f-14b280b04733",
  "spec_version": "2.1",
  "created": "2023-06-27T01:41:48.030Z",
  "modified": "2023-06-27T01:41:48.030Z",
  "objects": [
    {
      "type": "extension-definition",
      "id": "extension-definition--fb9c968a-745b-4ade-9b25-c324172197f4",
      "spec_version": "2.1",
      "created": "2022-08-02T19:34:35.143Z",
      "modified": "2022-08-02T19:34:35.143Z",
      "name": "Attack Flow",
      "description": "Extends STIX 2.1 with features to create Attack Flows.",
      "created_by_ref": "identity--fb9c968a-745b-4ade-9b25-c324172197f4",
      "schema": "https://center-for-threat-informed-defense.github.io/attack-flow/stix/attack-flow-schema-2.0.0.json",
      "version": "2.0.0",
      "extension_types": [
        "new-sdo"
      ],
      "external_references": [
        {
          "source_name": "Documentation",
          "description": "Documentation for Attack Flow",
          "url": "https://center-for-threat-informed-defense.github.io/attack-flow"
        },
        {
          "source_name": "GitHub",
          "description": "Source code repository for Attack Flow",
          "url": "https://github.com/center-for-threat-informed-defense/attack-flow"
        }
      ]
    },
    {
      "type": "identity",
      "id": "identity--fb9c968a-745b-4ade-9b25-c324172197f4",
      "spec_version": "2.1",
      "created": "2022-08-02T19:34:35.143Z",
      "modified": "2022-08-02T19:34:35.143Z",
      "create_by_ref": "identity--fb9c968a-745b-4ade-9b25-c324172197f4",
      "name": "MITRE Engenuity Center for Threat-Informed Defense",
      "identity_class": "organization"
    },
    {
      "type": "attack-flow",
      "id": "attack-flow--a1c10351-af0a-4f45-a39d-48901557e0fd",
      "spec_version": "2.1",
      "created": "2023-04-02T11:43:27.211Z",
      "modified": "2023-06-27T01:41:48.030Z",
      "extensions": {
        "extension-definition--fb9c968a-745b-4ade-9b25-c324172197f4": {
          "extension_type": "new-sdo"
        }
      },
      "created_by_ref": "identity--f625c430-d0c3-4f12-8a6a-06374c424e6d",
      "start_refs": [
        "attack-action--7d88e5cb-9833-420b-9c5c-bd74a13b8f64",
        "attack-action--31fd4541-af4d-4a4a-bf7e-eb5312b44279",
        "attack-action--cacb53c9-5510-4441-981d-5ba9133af1e8",
        "attack-action--241b8a06-378a-48c9-905d-91a2eec9e051",
        "attack-action--18e071ac-19f8-4b38-b28e-f3c19e1aa20e",
        "attack-action--6fec4b2c-a3b5-45f1-a7c4-9b074817a84d",
        "attack-condition--ee98df08-6bc9-4547-9927-e760c3dcde48",
        "attack-action--148fb098-d4eb-46a2-8597-0ce89d8de3b4",
        "attack-action--dee73daa-3b9e-40d4-abdd-f2681d6c8bc8",
        "attack-condition--fdc64b3b-63aa-499d-bf19-0a6c927bd3d9",
        "attack-condition--bab23db6-6d12-4a31-86c1-05375f21afc3"
      ],
      "name": "ANU",
      "description": "An attack flow chart on the breach of the Australian National University's administrative systems",
      "scope": "incident",
      "external_references": [
        {
          "source_name": "Incident Report On the Breach of the Australian National University's Administrative Systems",
          "description": null,
          "url": "https://imagedepot.anu.edu.au/scapa/Website/SCAPA190209_Public_report_web_2.pdf"
        }
      ]
    },
    {
      "type": "identity",
      "id": "identity--f625c430-d0c3-4f12-8a6a-06374c424e6d",
      "spec_version": "2.1",
      "created": "2023-06-27T01:41:48.030Z",
      "modified": "2023-06-27T01:41:48.030Z"
    },
    {
      "type": "attack-action",
      "id": "attack-action--7d88e5cb-9833-420b-9c5c-bd74a13b8f64",
      "spec_version": "2.1",
      "created": "2023-06-27T01:41:48.030Z",
      "modified": "2023-06-27T01:41:48.030Z",
      "extensions": {
        "extension-definition--fb9c968a-745b-4ade-9b25-c324172197f4": {
          "extension_type": "new-sdo"
        }
      },
      "name": "Spearphishing",
      "tactic_id": "T1566",
      "description": "The actor’s campaign started with a spearphishing email sent to the mailbox of a senior member of\nstaff.",
      "confidence": 100,
      "asset_refs": [
        "attack-asset--512ac489-8ce6-4e7e-b8cb-e0c73b45ffc5",
        "attack-asset--27067766-a9ad-40f7-be4c-13d5a1b52b58"
      ],
      "effect_refs": [
        "attack-condition--c7da4949-69c9-4e1d-bfcb-cd01c4916a0d"
      ]
    },
    {
      "type": "attack-asset",
      "id": "attack-asset--512ac489-8ce6-4e7e-b8cb-e0c73b45ffc5",
      "spec_version": "2.1",
      "created": "2023-06-27T01:41:48.031Z",
      "modified": "2023-06-27T01:41:48.031Z",
      "extensions": {
        "extension-definition--fb9c968a-745b-4ade-9b25-c324172197f4": {
          "extension_type": "new-sdo"
        }
      },
      "name": "Senior Staff Member's Credentials"
    },
    {
      "type": "attack-action",
      "id": "attack-action--152e1c0d-a67e-4ea6-a699-deacecf43904",
      "spec_version": "2.1",
      "created": "2023-06-27T01:41:48.031Z",
      "modified": "2023-06-27T01:41:48.031Z",
      "extensions": {
        "extension-definition--fb9c968a-745b-4ade-9b25-c324172197f4": {
          "extension_type": "new-sdo"
        }
      },
      "name": "Use of Valid Accounts",
      "tactic_id": "T1078",
      "description": "The actor used credentials gained to successfully access an\nInternet-facing webserver used by one of the University’s schools.",
      "confidence": 70,
      "asset_refs": [
        "attack-asset--1dbe78a0-4984-4dd4-a4fd-710984e0ea1d"
      ],
      "effect_refs": [
        "attack-action--25cd321c-8516-4150-850d-41137b7a9996"
      ]
    },
    {
      "type": "attack-asset",
      "id": "attack-asset--1dbe78a0-4984-4dd4-a4fd-710984e0ea1d",
      "spec_version": "2.1",
      "created": "2023-06-27T01:41:48.031Z",
      "modified": "2023-06-27T01:41:48.031Z",
      "extensions": {
        "extension-definition--fb9c968a-745b-4ade-9b25-c324172197f4": {
          "extension_type": "new-sdo"
        }
      },
      "name": "Internet-facing webserver used by one of the University’s schools"
    },
    {
      "type": "attack-action",
      "id": "attack-action--25cd321c-8516-4150-850d-41137b7a9996",
      "spec_version": "2.1",
      "created": "2023-06-27T01:41:48.031Z",
      "modified": "2023-06-27T01:41:48.031Z",
      "extensions": {
        "extension-definition--fb9c968a-745b-4ade-9b25-c324172197f4": {
          "extension_type": "new-sdo"
        }
      },
      "name": "Web Shell Creation: C2 operations",
      "tactic_id": "T1505.003",
      "description": "The actor successfully created a webshell on this webserver which was then used, over two days, to conduct command and control (C2) operations through what is known as a TOR exit node.",
      "confidence": 100,
      "effect_refs": [
        "attack-condition--fc704ef9-de7b-4d5e-84a6-784c4c632cfb"
      ]
    },
    {
      "type": "attack-asset",
      "id": "attack-asset--55d3d5b5-d9e1-472a-a11c-d79c865f5da7",
      "spec_version": "2.1",
      "created": "2023-06-27T01:41:48.031Z",
      "modified": "2023-06-27T01:41:48.031Z",
      "extensions": {
        "extension-definition--fb9c968a-745b-4ade-9b25-c324172197f4": {
          "extension_type": "new-sdo"
        }
      },
      "name": "Attack Station One: legacy server hosting trial software",
      "description": "The server was attached to a virtual LAN with extensive access across the ANU network"
    },
    {
      "type": "attack-action",
      "id": "attack-action--31fd4541-af4d-4a4a-bf7e-eb5312b44279",
      "spec_version": "2.1",
      "created": "2023-06-27T01:41:48.031Z",
      "modified": "2023-06-27T01:41:48.031Z",
      "extensions": {
        "extension-definition--fb9c968a-745b-4ade-9b25-c324172197f4": {
          "extension_type": "new-sdo"
        }
      },
      "name": "Ingress Tool Transfer",
      "tactic_id": "T1105",
      "description": "The actor downloaded tools and scripts to build attack station one",
      "confidence": 100,
      "effect_refs": [
        "attack-action--a63cb449-ad01-4ec2-8e11-208f336ae0f9"
      ]
    },
    {
      "type": "attack-action",
      "id": "attack-action--cacb53c9-5510-4441-981d-5ba9133af1e8",
      "spec_version": "2.1",
      "created": "2023-06-27T01:41:48.031Z",
      "modified": "2023-06-27T01:41:48.031Z",
      "extensions": {
        "extension-definition--fb9c968a-745b-4ade-9b25-c324172197f4": {
          "extension_type": "new-sdo"
        }
      },
      "name": "Web Shell Creation",
      "tactic_id": "T1505.003",
      "description": "To download these tools the actor also compromised a second Internet facing webserver using a web shell.",
      "effect_refs": [
        "attack-operator--7f57cc17-8656-48d6-af05-3a74732d0d23"
      ],
      "asset_refs": [
        "attack-asset--d3b3e991-ae0c-4e56-a2d9-994d36c30b35"
      ]
    },
    {
      "type": "attack-action",
      "id": "attack-action--a63cb449-ad01-4ec2-8e11-208f336ae0f9",
      "spec_version": "2.1",
      "created": "2023-06-27T01:41:48.031Z",
      "modified": "2023-06-27T01:41:48.031Z",
      "extensions": {
        "extension-definition--fb9c968a-745b-4ade-9b25-c324172197f4": {
          "extension_type": "new-sdo"
        }
      },
      "name": "Indicator Removal: Deletion of Logs",
      "tactic_id": "T1070",
      "description": "The actor ran scripts and perform remote management tasks including scheduled deletion of logs to hide their activities.",
      "confidence": 100,
      "effect_refs": [
        "attack-action--4b231188-8e6d-4914-93a3-381989a02b40"
      ]
    },
    {
      "type": "attack-action",
      "id": "attack-action--4b231188-8e6d-4914-93a3-381989a02b40",
      "spec_version": "2.1",
      "created": "2023-06-27T01:41:48.031Z",
      "modified": "2023-06-27T01:41:48.031Z",
      "extensions": {
        "extension-definition--fb9c968a-745b-4ade-9b25-c324172197f4": {
          "extension_type": "new-sdo"
        }
      },
      "name": "Hide Artifacts: Run Virtual Instance",
      "tactic_id": "T1564.006",
      "description": "The actor set up two virtual machines on attack station one, one using Windows XP and the second Kali Linux. Both operating systems were downloaded using BitTorrent.",
      "confidence": 100,
      "effect_refs": [
        "attack-action--0d68b6e5-e3c2-4a52-b785-8659a4f8f001",
        "attack-action--92c25edb-620b-41c9-9230-209a49f20547"
      ]
    },
    {
      "type": "attack-action",
      "id": "attack-action--0d68b6e5-e3c2-4a52-b785-8659a4f8f001",
      "spec_version": "2.1",
      "created": "2023-06-27T01:41:48.031Z",
      "modified": "2023-06-27T01:41:48.031Z",
      "extensions": {
        "extension-definition--fb9c968a-745b-4ade-9b25-c324172197f4": {
          "extension_type": "new-sdo"
        }
      },
      "name": "Network Sniffing",
      "tactic_id": "T1040",
      "description": "The actor used a network session logger to “sniff” credentials from monitored or redirected network traffic.",
      "confidence": 100,
      "effect_refs": [
        "attack-operator--5b1f538b-5bfb-4d2a-90d1-b0eff9ae530a"
      ]
    },
    {
      "type": "attack-action",
      "id": "attack-action--ac6cb2e3-6bdb-49e7-9abd-67242c4d5bf7",
      "spec_version": "2.1",
      "created": "2023-06-27T01:41:48.031Z",
      "modified": "2023-06-27T01:41:48.031Z",
      "extensions": {
        "extension-definition--fb9c968a-745b-4ade-9b25-c324172197f4": {
          "extension_type": "new-sdo"
        }
      },
      "name": "Proxy",
      "tactic_id": "T1090",
      "description": "The actor set up what is known as a tunnelling proxy which is typically used for C2 and taking data out of the network.",
      "confidence": 100,
      "effect_refs": [
        "attack-operator--3188b913-32a7-496e-91c1-9df872e36ac9"
      ]
    },
    {
      "type": "attack-action",
      "id": "attack-action--241b8a06-378a-48c9-905d-91a2eec9e051",
      "spec_version": "2.1",
      "created": "2023-06-27T01:41:48.031Z",
      "modified": "2023-06-27T01:41:48.031Z",
      "extensions": {
        "extension-definition--fb9c968a-745b-4ade-9b25-c324172197f4": {
          "extension_type": "new-sdo"
        }
      },
      "name": "Spearphishing",
      "tactic_id": "T1566",
      "description": "The actor started a second attempt to gain credentials using spearphishing emails. This email entitled “invitation” was sent to one external and 10 ANU email addresses.",
      "confidence": 100,
      "asset_refs": [
        "attack-asset--2bfc57af-bf80-45ff-ba22-864a95d333ce"
      ],
      "effect_refs": [
        "attack-operator--3bc4331e-c2e5-44e7-bd1d-2186a4173e8b"
      ]
    },
    {
      "type": "attack-asset",
      "id": "attack-asset--2bfc57af-bf80-45ff-ba22-864a95d333ce",
      "spec_version": "2.1",
      "created": "2023-06-27T01:41:48.031Z",
      "modified": "2023-06-27T01:41:48.031Z",
      "extensions": {
        "extension-definition--fb9c968a-745b-4ade-9b25-c324172197f4": {
          "extension_type": "new-sdo"
        }
      },
      "name": "One User’s Credentials ",
      "description": "The usage of this credential was limited, suggesting it did not have the accesses the actor was seeking."
    },
    {
      "type": "attack-operator",
      "id": "attack-operator--3bc4331e-c2e5-44e7-bd1d-2186a4173e8b",
      "spec_version": "2.1",
      "created": "2023-06-27T01:41:48.031Z",
      "modified": "2023-06-27T01:41:48.031Z",
      "extensions": {
        "extension-definition--fb9c968a-745b-4ade-9b25-c324172197f4": {
          "extension_type": "new-sdo"
        }
      },
      "operator": "AND",
      "effect_refs": [
        "attack-condition--fdc64b3b-63aa-499d-bf19-0a6c927bd3d9"
      ]
    },
    {
      "type": "attack-action",
      "id": "attack-action--18e071ac-19f8-4b38-b28e-f3c19e1aa20e",
      "spec_version": "2.1",
      "created": "2023-06-27T01:41:48.031Z",
      "modified": "2023-06-27T01:41:48.031Z",
      "extensions": {
        "extension-definition--fb9c968a-745b-4ade-9b25-c324172197f4": {
          "extension_type": "new-sdo"
        }
      },
      "name": "Exploit Public-Facing Application",
      "tactic_id": "T1190",
      "description": "The actor accessed the network’s Lightweight Directory Access Protocol (LDAP) infrastructure, gaining information on the ANU pool of Windows users and devices.",
      "confidence": 100,
      "effect_refs": [
        "attack-operator--3bc4331e-c2e5-44e7-bd1d-2186a4173e8b"
      ],
      "asset_refs": [
        "attack-asset--19977ee5-e4dc-469b-8ce6-a61aacedb721"
      ]
    },
    {
      "type": "attack-asset",
      "id": "attack-asset--19977ee5-e4dc-469b-8ce6-a61aacedb721",
      "spec_version": "2.1",
      "created": "2023-06-27T01:41:48.031Z",
      "modified": "2023-06-27T01:41:48.031Z",
      "extensions": {
        "extension-definition--fb9c968a-745b-4ade-9b25-c324172197f4": {
          "extension_type": "new-sdo"
        }
      },
      "name": "Information on the ANU pool of Windows users and devices"
    },
    {
      "type": "attack-action",
      "id": "attack-action--6fec4b2c-a3b5-45f1-a7c4-9b074817a84d",
      "spec_version": "2.1",
      "created": "2023-06-27T01:41:48.031Z",
      "modified": "2023-06-27T01:41:48.031Z",
      "extensions": {
        "extension-definition--fb9c968a-745b-4ade-9b25-c324172197f4": {
          "extension_type": "new-sdo"
        }
      },
      "name": "Brute Force: Password Cracking",
      "tactic_id": "T1110.002",
      "description": "Forensic evidence also shows the extensive use of password cracking tools at this stage.",
      "confidence": 90,
      "effect_refs": [
        "attack-operator--9bfa1357-70df-4cb3-9644-1c1854d6e495"
      ],
      "asset_refs": [
        "attack-asset--580adca0-2119-4915-ba2b-0c8aa13d138d"
      ]
    },
    {
      "type": "attack-action",
      "id": "attack-action--8d488650-d932-452d-b200-c9cba5329319",
      "spec_version": "2.1",
      "created": "2023-06-27T01:41:48.031Z",
      "modified": "2023-06-27T01:41:48.031Z",
      "extensions": {
        "extension-definition--fb9c968a-745b-4ade-9b25-c324172197f4": {
          "extension_type": "new-sdo"
        }
      },
      "name": "Ingress Tool Transfer",
      "tactic_id": "T1105",
      "description": "The actor downloaded source code for a bespoke toolset or malware",
      "confidence": 100,
      "effect_refs": [
        "attack-operator--9bfa1357-70df-4cb3-9644-1c1854d6e495"
      ],
      "asset_refs": [
        "attack-asset--580adca0-2119-4915-ba2b-0c8aa13d138d"
      ]
    },
    {
      "type": "attack-action",
      "id": "attack-action--24dbf0b2-0cf3-470a-999d-554b3c0a364e",
      "spec_version": "2.1",
      "created": "2023-06-27T01:41:48.031Z",
      "modified": "2023-06-27T01:41:48.031Z",
      "extensions": {
        "extension-definition--fb9c968a-745b-4ade-9b25-c324172197f4": {
          "extension_type": "new-sdo"
        }
      },
      "name": "Obtain Capabilities: Tool",
      "tactic_id": "T1588.002",
      "description": "The actor used a commercial tool to connect to several databases at once to search and extract records; converted them to PDF format; sent them to the compromised school machine one for extraction from the ANU network.",
      "confidence": 100,
      "effect_refs": [
        "attack-action--9eb653ac-f5b3-4e39-b10f-b0d81f446f23",
        "attack-action--e7a98276-b1cd-40ba-8c93-72ac0a1215f1"
      ],
      "asset_refs": [
        "attack-asset--2495c428-2e88-47b0-bc11-18d1a245a0b8"
      ]
    },
    {
      "type": "attack-operator",
      "id": "attack-operator--9bfa1357-70df-4cb3-9644-1c1854d6e495",
      "spec_version": "2.1",
      "created": "2023-06-27T01:41:48.031Z",
      "modified": "2023-06-27T01:41:48.031Z",
      "extensions": {
        "extension-definition--fb9c968a-745b-4ade-9b25-c324172197f4": {
          "extension_type": "new-sdo"
        }
      },
      "operator": "AND",
      "effect_refs": [
        "attack-condition--bab23db6-6d12-4a31-86c1-05375f21afc3"
      ]
    },
    {
      "type": "attack-action",
      "id": "attack-action--e7a98276-b1cd-40ba-8c93-72ac0a1215f1",
      "spec_version": "2.1",
      "created": "2023-06-27T01:41:48.031Z",
      "modified": "2023-06-27T01:41:48.031Z",
      "extensions": {
        "extension-definition--fb9c968a-745b-4ade-9b25-c324172197f4": {
          "extension_type": "new-sdo"
        }
      },
      "name": "Impair Defenses",
      "tactic_id": "T1562",
      "description": "The actor connected to the University’s spam filer and attempting to disable its ability to detect malicious emails.",
      "confidence": 100,
      "effect_refs": [
        "attack-operator--96dcb384-1b30-4e4c-8aa5-8fc205b1bb76"
      ]
    },
    {
      "type": "attack-action",
      "id": "attack-action--9eb653ac-f5b3-4e39-b10f-b0d81f446f23",
      "spec_version": "2.1",
      "created": "2023-06-27T01:41:48.031Z",
      "modified": "2023-06-27T01:41:48.031Z",
      "extensions": {
        "extension-definition--fb9c968a-745b-4ade-9b25-c324172197f4": {
          "extension_type": "new-sdo"
        }
      },
      "name": "Phishing",
      "tactic_id": "T1566",
      "description": "The actor sent 75 emails, 50 to ANU addresses and the remainder to external email addresses",
      "confidence": 70,
      "effect_refs": [
        "attack-operator--96dcb384-1b30-4e4c-8aa5-8fc205b1bb76"
      ],
      "asset_refs": [
        "attack-asset--1d31267f-febb-4c68-bbfb-fd86aad8cd26"
      ]
    },
    {
      "type": "attack-condition",
      "id": "attack-condition--ee98df08-6bc9-4547-9927-e760c3dcde48",
      "spec_version": "2.1",
      "created": "2023-06-27T01:41:48.031Z",
      "modified": "2023-06-27T01:41:48.031Z",
      "extensions": {
        "extension-definition--fb9c968a-745b-4ade-9b25-c324172197f4": {
          "extension_type": "new-sdo"
        }
      },
      "description": "Harvest at least one administrator credential",
      "on_true_refs": [
        "attack-action--dcdf8ae8-a986-4458-a44e-4346bfd69444"
      ]
    },
    {
      "type": "attack-action",
      "id": "attack-action--dcdf8ae8-a986-4458-a44e-4346bfd69444",
      "spec_version": "2.1",
      "created": "2023-06-27T01:41:48.031Z",
      "modified": "2023-06-27T01:41:48.031Z",
      "extensions": {
        "extension-definition--fb9c968a-745b-4ade-9b25-c324172197f4": {
          "extension_type": "new-sdo"
        }
      },
      "name": "Indicator Removal: File Deletion",
      "tactic_id": "T1070.004",
      "description": "The actor erased files and tools with logs packaged for exfiltration through school machine one.",
      "confidence": 100,
      "effect_refs": [
        "attack-condition--b94675d7-8e75-4738-940a-5dded46328d8"
      ]
    },
    {
      "type": "attack-action",
      "id": "attack-action--683a7033-594a-4f28-93cb-3545ee203fe6",
      "spec_version": "2.1",
      "created": "2023-06-27T01:41:48.031Z",
      "modified": "2023-06-27T01:41:48.031Z",
      "extensions": {
        "extension-definition--fb9c968a-745b-4ade-9b25-c324172197f4": {
          "extension_type": "new-sdo"
        }
      },
      "name": "Archive Collected Data",
      "tactic_id": "T1560",
      "description": "The actor exfiltrated 13 additional files, compressed into archives, through TOR.",
      "confidence": 100,
      "effect_refs": [
        "attack-action--f8994c64-d03a-4fd0-aa6f-be142bc70206"
      ]
    },
    {
      "type": "attack-action",
      "id": "attack-action--f8994c64-d03a-4fd0-aa6f-be142bc70206",
      "spec_version": "2.1",
      "created": "2023-06-27T01:41:48.031Z",
      "modified": "2023-06-27T01:41:48.031Z",
      "extensions": {
        "extension-definition--fb9c968a-745b-4ade-9b25-c324172197f4": {
          "extension_type": "new-sdo"
        }
      },
      "name": "Stage Capabilities: Upload Malware",
      "tactic_id": "T1608.001",
      "description": "The actor probed other parts of the network for other vulnerable systems and began updating malware on attack station two.",
      "confidence": 100,
      "effect_refs": [
        "attack-action--fb8b6315-5ed0-4e1b-89bc-7073232ba3ea"
      ]
    },
    {
      "type": "attack-action",
      "id": "attack-action--fb8b6315-5ed0-4e1b-89bc-7073232ba3ea",
      "spec_version": "2.1",
      "created": "2023-06-27T01:41:48.031Z",
      "modified": "2023-06-27T01:41:48.031Z",
      "extensions": {
        "extension-definition--fb9c968a-745b-4ade-9b25-c324172197f4": {
          "extension_type": "new-sdo"
        }
      },
      "name": "Phishing",
      "tactic_id": "T1566",
      "description": "The actor sent 40 phishing emails to ANU staff with privileged accounts.",
      "confidence": 100,
      "asset_refs": [
        "attack-asset--adf1fb35-eb95-4dcf-b13b-650ea806cca3"
      ],
      "effect_refs": [
        "attack-action--79218f28-7595-496f-9b72-fd8edccc16cd"
      ]
    },
    {
      "type": "attack-asset",
      "id": "attack-asset--adf1fb35-eb95-4dcf-b13b-650ea806cca3",
      "spec_version": "2.1",
      "created": "2023-06-27T01:41:48.031Z",
      "modified": "2023-06-27T01:41:48.031Z",
      "extensions": {
        "extension-definition--fb9c968a-745b-4ade-9b25-c324172197f4": {
          "extension_type": "new-sdo"
        }
      },
      "name": " Privileged staff accounts"
    },
    {
      "type": "attack-condition",
      "id": "attack-condition--c7da4949-69c9-4e1d-bfcb-cd01c4916a0d",
      "spec_version": "2.1",
      "created": "2023-06-27T01:41:48.031Z",
      "modified": "2023-06-27T01:41:48.031Z",
      "extensions": {
        "extension-definition--fb9c968a-745b-4ade-9b25-c324172197f4": {
          "extension_type": "new-sdo"
        }
      },
      "description": "This email was only previewed but the malicious code contained in the\nemail did not require the recipient to click on any link nor download and open an attachment.",
      "on_true_refs": [
        "attack-action--152e1c0d-a67e-4ea6-a699-deacecf43904"
      ]
    },
    {
      "type": "attack-asset",
      "id": "attack-asset--27067766-a9ad-40f7-be4c-13d5a1b52b58",
      "spec_version": "2.1",
      "created": "2023-06-27T01:41:48.031Z",
      "modified": "2023-06-27T01:41:48.031Z",
      "extensions": {
        "extension-definition--fb9c968a-745b-4ade-9b25-c324172197f4": {
          "extension_type": "new-sdo"
        }
      },
      "name": "Senior Staff Member’s Calendar"
    },
    {
      "type": "attack-action",
      "id": "attack-action--1391fa8b-b7bb-449f-92b0-540b874aff70",
      "spec_version": "2.1",
      "created": "2023-06-27T01:41:48.031Z",
      "modified": "2023-06-27T01:41:48.031Z",
      "extensions": {
        "extension-definition--fb9c968a-745b-4ade-9b25-c324172197f4": {
          "extension_type": "new-sdo"
        }
      },
      "name": "Exploitation for Privilege Escalation",
      "tactic_id": "T1068",
      "description": "The actor was able to gain access to a legacy server hosting trial software. It is likely that a privilege escalation exploit was used to gain full control of the server.",
      "confidence": 70,
      "effect_refs": [
        "attack-operator--7f57cc17-8656-48d6-af05-3a74732d0d23"
      ],
      "asset_refs": [
        "attack-asset--55d3d5b5-d9e1-472a-a11c-d79c865f5da7"
      ]
    },
    {
      "type": "attack-condition",
      "id": "attack-condition--fc704ef9-de7b-4d5e-84a6-784c4c632cfb",
      "spec_version": "2.1",
      "created": "2023-06-27T01:41:48.031Z",
      "modified": "2023-06-27T01:41:48.031Z",
      "extensions": {
        "extension-definition--fb9c968a-745b-4ade-9b25-c324172197f4": {
          "extension_type": "new-sdo"
        }
      },
      "description": "The senior user whose credentials were stolen was a system administrator",
      "on_false_refs": [
        "attack-action--1391fa8b-b7bb-449f-92b0-540b874aff70"
      ]
    },
    {
      "type": "attack-asset",
      "id": "attack-asset--d3b3e991-ae0c-4e56-a2d9-994d36c30b35",
      "spec_version": "2.1",
      "created": "2023-06-27T01:41:48.031Z",
      "modified": "2023-06-27T01:41:48.031Z",
      "extensions": {
        "extension-definition--fb9c968a-745b-4ade-9b25-c324172197f4": {
          "extension_type": "new-sdo"
        }
      },
      "name": "Internet facing webserver"
    },
    {
      "type": "attack-operator",
      "id": "attack-operator--7f57cc17-8656-48d6-af05-3a74732d0d23",
      "spec_version": "2.1",
      "created": "2023-06-27T01:41:48.031Z",
      "modified": "2023-06-27T01:41:48.031Z",
      "extensions": {
        "extension-definition--fb9c968a-745b-4ade-9b25-c324172197f4": {
          "extension_type": "new-sdo"
        }
      },
      "operator": "AND",
      "effect_refs": [
        "attack-action--31fd4541-af4d-4a4a-bf7e-eb5312b44279"
      ]
    },
    {
      "type": "attack-action",
      "id": "attack-action--92c25edb-620b-41c9-9230-209a49f20547",
      "spec_version": "2.1",
      "created": "2023-06-27T01:41:48.031Z",
      "modified": "2023-06-27T01:41:48.031Z",
      "extensions": {
        "extension-definition--fb9c968a-745b-4ade-9b25-c324172197f4": {
          "extension_type": "new-sdo"
        }
      },
      "name": "External Remote Services",
      "tactic_id": "T1133",
      "description": "The actor gained access (through remote desktop) to a machine in a school which had a publicly routable IP address.",
      "confidence": 100,
      "asset_refs": [
        "attack-asset--c337fa28-ab7c-4cfb-953e-ccacb7979b28"
      ],
      "effect_refs": [
        "attack-operator--5b1f538b-5bfb-4d2a-90d1-b0eff9ae530a"
      ]
    },
    {
      "type": "attack-asset",
      "id": "attack-asset--c337fa28-ab7c-4cfb-953e-ccacb7979b28",
      "spec_version": "2.1",
      "created": "2023-06-27T01:41:48.031Z",
      "modified": "2023-06-27T01:41:48.031Z",
      "extensions": {
        "extension-definition--fb9c968a-745b-4ade-9b25-c324172197f4": {
          "extension_type": "new-sdo"
        }
      },
      "name": "School Machine One: a machine in a school which had a publicly routable IP address",
      "description": "Age and permissiveness of the machine\nand its operating system are the likely reasons the actor compromised this machine."
    },
    {
      "type": "attack-action",
      "id": "attack-action--148fb098-d4eb-46a2-8597-0ce89d8de3b4",
      "spec_version": "2.1",
      "created": "2023-06-27T01:41:48.031Z",
      "modified": "2023-06-27T01:41:48.031Z",
      "extensions": {
        "extension-definition--fb9c968a-745b-4ade-9b25-c324172197f4": {
          "extension_type": "new-sdo"
        }
      },
      "name": "Exfiltration Over Web Service",
      "tactic_id": "T1567",
      "description": "The actor connected to a legacy mail server and sent three emails to external email addresses. The emails sent\nout likely held data gained from the actor’s network mapping from the previous two days, as well as\nuser and machine data.",
      "confidence": 90,
      "asset_refs": [
        "attack-asset--c172a591-4858-46fd-861e-a0989ecaa229"
      ],
      "effect_refs": [
        "attack-action--ac6cb2e3-6bdb-49e7-9abd-67242c4d5bf7"
      ]
    },
    {
      "type": "attack-asset",
      "id": "attack-asset--c172a591-4858-46fd-861e-a0989ecaa229",
      "spec_version": "2.1",
      "created": "2023-06-27T01:41:48.031Z",
      "modified": "2023-06-27T01:41:48.031Z",
      "extensions": {
        "extension-definition--fb9c968a-745b-4ade-9b25-c324172197f4": {
          "extension_type": "new-sdo"
        }
      },
      "name": "Emails containing stolen data",
      "description": "The emails sent out likely held data gained from the actor’s network mapping from the previous two days, as well as\nuser and machine data."
    },
    {
      "type": "attack-operator",
      "id": "attack-operator--5b1f538b-5bfb-4d2a-90d1-b0eff9ae530a",
      "spec_version": "2.1",
      "created": "2023-06-27T01:41:48.031Z",
      "modified": "2023-06-27T01:41:48.031Z",
      "extensions": {
        "extension-definition--fb9c968a-745b-4ade-9b25-c324172197f4": {
          "extension_type": "new-sdo"
        }
      },
      "operator": "AND",
      "effect_refs": [
        "attack-action--148fb098-d4eb-46a2-8597-0ce89d8de3b4"
      ]
    },
    {
      "type": "attack-action",
      "id": "attack-action--dee73daa-3b9e-40d4-abdd-f2681d6c8bc8",
      "spec_version": "2.1",
      "created": "2023-06-27T01:41:48.031Z",
      "modified": "2023-06-27T01:41:48.031Z",
      "extensions": {
        "extension-definition--fb9c968a-745b-4ade-9b25-c324172197f4": {
          "extension_type": "new-sdo"
        }
      },
      "name": "Protocol Tunneling",
      "tactic_id": "T1572",
      "description": "The actor set up a tunnelling proxy and commenced network packet captures, most likely to collect more credentials or gain more knowledge about the network.",
      "confidence": 100,
      "effect_refs": [
        "attack-operator--3188b913-32a7-496e-91c1-9df872e36ac9"
      ]
    },
    {
      "type": "attack-operator",
      "id": "attack-operator--3188b913-32a7-496e-91c1-9df872e36ac9",
      "spec_version": "2.1",
      "created": "2023-06-27T01:41:48.031Z",
      "modified": "2023-06-27T01:41:48.031Z",
      "extensions": {
        "extension-definition--fb9c968a-745b-4ade-9b25-c324172197f4": {
          "extension_type": "new-sdo"
        }
      },
      "operator": "AND",
      "effect_refs": [
        "attack-action--18e071ac-19f8-4b38-b28e-f3c19e1aa20e"
      ]
    },
    {
      "type": "attack-action",
      "id": "attack-action--7313da8a-bac8-4d64-9e87-83c51eee4c7b",
      "spec_version": "2.1",
      "created": "2023-06-27T01:41:48.031Z",
      "modified": "2023-06-27T01:41:48.031Z",
      "extensions": {
        "extension-definition--fb9c968a-745b-4ade-9b25-c324172197f4": {
          "extension_type": "new-sdo"
        }
      },
      "name": "Valid Accounts",
      "tactic_id": "T1078",
      "description": "The actor began a network-wide attempt to compromise a range of servers\nusing exploits or stolen credentials.",
      "confidence": 100,
      "effect_refs": [
        "attack-condition--9b34573a-8497-4a8f-9db0-082eea33225a"
      ],
      "asset_refs": [
        "attack-asset--754f86de-1d98-4b9e-9e1a-a41af20b2ebc"
      ]
    },
    {
      "type": "attack-condition",
      "id": "attack-condition--fdc64b3b-63aa-499d-bf19-0a6c927bd3d9",
      "spec_version": "2.1",
      "created": "2023-06-27T01:41:48.031Z",
      "modified": "2023-06-27T01:41:48.031Z",
      "extensions": {
        "extension-definition--fb9c968a-745b-4ade-9b25-c324172197f4": {
          "extension_type": "new-sdo"
        }
      },
      "description": "The actor have the relevant credentials needed for their campaign.",
      "on_false_refs": [
        "attack-action--7313da8a-bac8-4d64-9e87-83c51eee4c7b"
      ]
    },
    {
      "type": "attack-condition",
      "id": "attack-condition--9b34573a-8497-4a8f-9db0-082eea33225a",
      "spec_version": "2.1",
      "created": "2023-06-27T01:41:48.031Z",
      "modified": "2023-06-27T01:41:48.031Z",
      "extensions": {
        "extension-definition--fb9c968a-745b-4ade-9b25-c324172197f4": {
          "extension_type": "new-sdo"
        }
      },
      "description": "The actor found credentials to access file shares in ESD and other parts of the network; and mapping directory structures. ",
      "on_true_refs": [
        "attack-action--91ca6030-be40-4c83-b997-e8cc7d27a8f4"
      ]
    },
    {
      "type": "attack-asset",
      "id": "attack-asset--754f86de-1d98-4b9e-9e1a-a41af20b2ebc",
      "spec_version": "2.1",
      "created": "2023-06-27T01:41:48.031Z",
      "modified": "2023-06-27T01:41:48.031Z",
      "extensions": {
        "extension-definition--fb9c968a-745b-4ade-9b25-c324172197f4": {
          "extension_type": "new-sdo"
        }
      },
      "name": "File share in ESD",
      "description": "A temporary storage location\nused by several business units, normally to facilitate the routine extraction and manipulation of data such as finance and HR records."
    },
    {
      "type": "attack-asset",
      "id": "attack-asset--6b099540-212e-4c02-9787-9cc0f772ad4c",
      "spec_version": "2.1",
      "created": "2023-06-27T01:41:48.031Z",
      "modified": "2023-06-27T01:41:48.031Z",
      "extensions": {
        "extension-definition--fb9c968a-745b-4ade-9b25-c324172197f4": {
          "extension_type": "new-sdo"
        }
      },
      "name": "Machines in ESD",
      "description": "The actor located servers housing the databases underpinning ANU HR, finance, student administration and e-forms systems."
    },
    {
      "type": "attack-action",
      "id": "attack-action--91ca6030-be40-4c83-b997-e8cc7d27a8f4",
      "spec_version": "2.1",
      "created": "2023-06-27T01:41:48.031Z",
      "modified": "2023-06-27T01:41:48.031Z",
      "extensions": {
        "extension-definition--fb9c968a-745b-4ade-9b25-c324172197f4": {
          "extension_type": "new-sdo"
        }
      },
      "name": "Cloud Infrastructure Discovery",
      "tactic_id": "T1580",
      "description": "The actor also starts to map out machines in ESD and locates servers housing the databases\nunderpinning ANU HR, finance, student administration and e-forms systems.",
      "confidence": 100,
      "asset_refs": [
        "attack-asset--6b099540-212e-4c02-9787-9cc0f772ad4c"
      ],
      "effect_refs": [
        "attack-condition--45495150-f81a-4f36-b342-a52034cebb03"
      ]
    },
    {
      "type": "attack-condition",
      "id": "attack-condition--45495150-f81a-4f36-b342-a52034cebb03",
      "spec_version": "2.1",
      "created": "2023-06-27T01:41:48.031Z",
      "modified": "2023-06-27T01:41:48.031Z",
      "extensions": {
        "extension-definition--fb9c968a-745b-4ade-9b25-c324172197f4": {
          "extension_type": "new-sdo"
        }
      },
      "description": "Accessing the ANU HR, finance, student administration and e-forms systems",
      "on_false_refs": [
        "attack-action--8d488650-d932-452d-b200-c9cba5329319"
      ]
    },
    {
      "type": "attack-condition",
      "id": "attack-condition--bab23db6-6d12-4a31-86c1-05375f21afc3",
      "spec_version": "2.1",
      "created": "2023-06-27T01:41:48.031Z",
      "modified": "2023-06-27T01:41:48.031Z",
      "extensions": {
        "extension-definition--fb9c968a-745b-4ade-9b25-c324172197f4": {
          "extension_type": "new-sdo"
        }
      },
      "description": "Accessing the administrative databases or their host systems",
      "on_true_refs": [
        "attack-action--24dbf0b2-0cf3-470a-999d-554b3c0a364e"
      ]
    },
    {
      "type": "attack-asset",
      "id": "attack-asset--580adca0-2119-4915-ba2b-0c8aa13d138d",
      "spec_version": "2.1",
      "created": "2023-06-27T01:41:48.031Z",
      "modified": "2023-06-27T01:41:48.031Z",
      "extensions": {
        "extension-definition--fb9c968a-745b-4ade-9b25-c324172197f4": {
          "extension_type": "new-sdo"
        }
      },
      "name": "Administrative databases or their host systems",
      "description": "The ANU HR, finance, student administration and e-forms systems"
    },
    {
      "type": "attack-asset",
      "id": "attack-asset--2495c428-2e88-47b0-bc11-18d1a245a0b8",
      "spec_version": "2.1",
      "created": "2023-06-27T01:41:48.031Z",
      "modified": "2023-06-27T01:41:48.031Z",
      "extensions": {
        "extension-definition--fb9c968a-745b-4ade-9b25-c324172197f4": {
          "extension_type": "new-sdo"
        }
      },
      "name": "Records of administrative databases"
    },
    {
      "type": "attack-operator",
      "id": "attack-operator--96dcb384-1b30-4e4c-8aa5-8fc205b1bb76",
      "spec_version": "2.1",
      "created": "2023-06-27T01:41:48.031Z",
      "modified": "2023-06-27T01:41:48.031Z",
      "extensions": {
        "extension-definition--fb9c968a-745b-4ade-9b25-c324172197f4": {
          "extension_type": "new-sdo"
        }
      },
      "operator": "AND",
      "effect_refs": [
        "attack-condition--ee98df08-6bc9-4547-9927-e760c3dcde48"
      ]
    },
    {
      "type": "attack-asset",
      "id": "attack-asset--1d31267f-febb-4c68-bbfb-fd86aad8cd26",
      "spec_version": "2.1",
      "created": "2023-06-27T01:41:48.031Z",
      "modified": "2023-06-27T01:41:48.031Z",
      "extensions": {
        "extension-definition--fb9c968a-745b-4ade-9b25-c324172197f4": {
          "extension_type": "new-sdo"
        }
      },
      "name": "One Administrator Credential"
    },
    {
      "type": "attack-condition",
      "id": "attack-condition--b94675d7-8e75-4738-940a-5dded46328d8",
      "spec_version": "2.1",
      "created": "2023-06-27T01:41:48.031Z",
      "modified": "2023-06-27T01:41:48.031Z",
      "extensions": {
        "extension-definition--fb9c968a-745b-4ade-9b25-c324172197f4": {
          "extension_type": "new-sdo"
        }
      },
      "description": "Loss of Attack Station One",
      "on_true_refs": [
        "attack-action--8eab7e33-c657-4396-8c30-948c9c604960"
      ]
    },
    {
      "type": "attack-action",
      "id": "attack-action--8eab7e33-c657-4396-8c30-948c9c604960",
      "spec_version": "2.1",
      "created": "2023-06-27T01:41:48.031Z",
      "modified": "2023-06-27T01:41:48.031Z",
      "extensions": {
        "extension-definition--fb9c968a-745b-4ade-9b25-c324172197f4": {
          "extension_type": "new-sdo"
        }
      },
      "name": "Exploitation of Remote Services",
      "tactic_id": "T1210",
      "description": "The actor restored their access to the network through a machine running a legacy operating system in a second school -- Attack Station Two.",
      "confidence": 100,
      "asset_refs": [
        "attack-asset--7a9756a8-dacf-47cf-84db-5a9ef4cff8d3"
      ],
      "effect_refs": [
        "attack-action--683a7033-594a-4f28-93cb-3545ee203fe6"
      ]
    },
    {
      "type": "attack-asset",
      "id": "attack-asset--7a9756a8-dacf-47cf-84db-5a9ef4cff8d3",
      "spec_version": "2.1",
      "created": "2023-06-27T01:41:48.031Z",
      "modified": "2023-06-27T01:41:48.031Z",
      "extensions": {
        "extension-definition--fb9c968a-745b-4ade-9b25-c324172197f4": {
          "extension_type": "new-sdo"
        }
      },
      "name": "Attack Station Two",
      "description": "A legacy operating system in a second school. This machine was subject to a large amount of C2 activity."
    },
    {
      "type": "attack-condition",
      "id": "attack-condition--e47eb3fb-0dee-4a14-bce6-3b6e6590e2f9",
      "spec_version": "2.1",
      "created": "2023-06-27T01:41:48.032Z",
      "modified": "2023-06-27T01:41:48.032Z",
      "extensions": {
        "extension-definition--fb9c968a-745b-4ade-9b25-c324172197f4": {
          "extension_type": "new-sdo"
        }
      },
      "description": "Loss of Attack Station Two"
    },
    {
      "type": "attack-action",
      "id": "attack-action--79218f28-7595-496f-9b72-fd8edccc16cd",
      "spec_version": "2.1",
      "created": "2023-06-27T01:41:48.032Z",
      "modified": "2023-06-27T01:41:48.032Z",
      "extensions": {
        "extension-definition--fb9c968a-745b-4ade-9b25-c324172197f4": {
          "extension_type": "new-sdo"
        }
      },
      "name": "Network Service Discovery",
      "tactic_id": "T1046",
      "description": "The actor was able to scan an Internet facing web server.",
      "confidence": 100,
      "effect_refs": [
        "attack-condition--e47eb3fb-0dee-4a14-bce6-3b6e6590e2f9"
      ]
    }
  ]
}