{
  "type": "bundle",
  "id": "bundle--4c092360-5130-4e1c-a37a-d55c61f4bb58",
  "spec_version": "2.1",
  "created": "2023-01-06T08:24:53.528Z",
  "modified": "2023-01-06T08:24:53.528Z",
  "objects": [
    {
      "type": "extension-definition",
      "id": "extension-definition--fb9c968a-745b-4ade-9b25-c324172197f4",
      "spec_version": "2.1",
      "created": "2022-08-02T19:34:35.143Z",
      "modified": "2022-08-02T19:34:35.143Z",
      "name": "Attack Flow",
      "description": "Extends STIX 2.1 with features to create Attack Flows.",
      "created_by_ref": "identity--fb9c968a-745b-4ade-9b25-c324172197f4",
      "schema": "https://center-for-threat-informed-defense.github.io/attack-flow/stix/attack-flow-schema-2.0.0.json",
      "version": "2.0.0",
      "extension_types": [
        "new-sdo"
      ],
      "external_references": [
        {
          "source_name": "Documentation",
          "description": "Documentation for Attack Flow",
          "url": "https://center-for-threat-informed-defense.github.io/attack-flow"
        },
        {
          "source_name": "GitHub",
          "description": "Source code repository for Attack Flow",
          "url": "https://github.com/center-for-threat-informed-defense/attack-flow"
        }
      ]
    },
    {
      "type": "identity",
      "id": "identity--fb9c968a-745b-4ade-9b25-c324172197f4",
      "spec_version": "2.1",
      "created": "2022-08-02T19:34:35.143Z",
      "modified": "2022-08-02T19:34:35.143Z",
      "create_by_ref": "identity--fb9c968a-745b-4ade-9b25-c324172197f4",
      "name": "MITRE Engenuity Center for Threat-Informed Defense",
      "identity_class": "organization"
    },
    {
      "type": "attack-flow",
      "id": "attack-flow--cc1b4136-b914-402e-ba05-bb16768d4a13",
      "spec_version": "2.1",
      "created": "2022-10-27T02:44:54.520Z",
      "modified": "2023-01-06T08:24:53.528Z",
      "extensions": {
        "extension-definition--fb9c968a-745b-4ade-9b25-c324172197f4": {
          "extension_type": "new-sdo"
        }
      },
      "created_by_ref": "identity--54c12493-e07e-4dcd-b8c1-9ef5d8a5b8ad",
      "start_refs": [
        "attack-action--7e43c3eb-f609-4a53-beb3-40829afb89aa",
        "attack-action--398ab58e-b755-4251-9dc5-293817d349ea",
        "attack-action--508bc600-bbf4-4e31-a789-8971f51dc581"
      ],
      "name": "Cobalt Kitty Campaign (fixed)",
      "description": "Cobalt Kitty campaign conducted by OceanLotus.",
      "author": [
        [
          "name",
          "Eric Kannampuzha"
        ],
        [
          "identity_class",
          "23b79ae0fc0f07a3669598dd23c694cc"
        ],
        [
          "contact_information",
          "ekannampuzha@mitre.org"
        ]
      ],
      "scope": "campaign",
      "external_references": [
        {
          "source_name": "Cybereason",
          "description": "Article",
          "url": "https://www.cybereason.com/blog/operation-cobalt-kitty-apt"
        },
        {
          "source_name": "CrowdStrike",
          "description": "Adversary Focus",
          "url": "https://adversary.crowdstrike.com/en-US/adversary/ocean-buffalo/"
        },
        {
          "source_name": "MITRE",
          "description": "ATT&CK Group",
          "url": "https://attack.mitre.org/groups/G0050/"
        }
      ]
    },
    {
      "type": "identity",
      "id": "identity--54c12493-e07e-4dcd-b8c1-9ef5d8a5b8ad",
      "spec_version": "2.1",
      "created": "2023-01-06T08:24:53.528Z",
      "modified": "2023-01-06T08:24:53.528Z",
      "name": "Eric Kannampuzha",
      "identity_class": "individual",
      "contact_information": "ekannampuzha@mitre.org"
    },
    {
      "type": "attack-action",
      "id": "attack-action--7e43c3eb-f609-4a53-beb3-40829afb89aa",
      "spec_version": "2.1",
      "created": "2023-01-06T08:24:53.528Z",
      "modified": "2023-01-06T08:24:53.528Z",
      "extensions": {
        "extension-definition--fb9c968a-745b-4ade-9b25-c324172197f4": {
          "extension_type": "new-sdo"
        }
      },
      "name": "Phishing: Spearphishing Link",
      "technique_id": "T1566.002",
      "description": "Link to a malicious site that downloads a fake Flash Installer delivering Cobalt Strike beacon.",
      "confidence": 100,
      "effect_refs": [
        "attack-action--d3d7d621-23f1-4536-8777-aa37cfa4789f"
      ]
    },
    {
      "type": "attack-action",
      "id": "attack-action--398ab58e-b755-4251-9dc5-293817d349ea",
      "spec_version": "2.1",
      "created": "2023-01-06T08:24:53.529Z",
      "modified": "2023-01-06T08:24:53.529Z",
      "extensions": {
        "extension-definition--fb9c968a-745b-4ade-9b25-c324172197f4": {
          "extension_type": "new-sdo"
        }
      },
      "name": "Deobfuscate/Decode Files or Information",
      "technique_id": "T1140",
      "description": "Obfuscated and XOR'ed PowerShell is decoded to download additional obfuscated PowerShell payloads",
      "confidence": 100,
      "effect_refs": [
        "attack-action--96bb23ee-9fa2-4442-b49c-4b2dcc49d043",
        "attack-action--788fab85-7ed0-42d7-aed2-cec8ac099f32"
      ]
    },
    {
      "type": "attack-action",
      "id": "attack-action--508bc600-bbf4-4e31-a789-8971f51dc581",
      "spec_version": "2.1",
      "created": "2023-01-06T08:24:53.529Z",
      "modified": "2023-01-06T08:24:53.529Z",
      "extensions": {
        "extension-definition--fb9c968a-745b-4ade-9b25-c324172197f4": {
          "extension_type": "new-sdo"
        }
      },
      "name": "Phishing: Spearphishing Attachment",
      "technique_id": "T1566.001",
      "description": "Word documents with malicious macros downloading Cobalt Strike payloads",
      "confidence": 100,
      "effect_refs": [
        "attack-action--217d8b41-0faf-415e-be60-1489e39d3ee5"
      ]
    },
    {
      "type": "attack-action",
      "id": "attack-action--217d8b41-0faf-415e-be60-1489e39d3ee5",
      "spec_version": "2.1",
      "created": "2023-01-06T08:24:53.529Z",
      "modified": "2023-01-06T08:24:53.529Z",
      "extensions": {
        "extension-definition--fb9c968a-745b-4ade-9b25-c324172197f4": {
          "extension_type": "new-sdo"
        }
      },
      "name": "Scheduled Task/Job: Scheduled Task",
      "technique_id": "T1053.005",
      "description": "Two scheduled tasks are created that download additional payloads",
      "confidence": 100,
      "effect_refs": [
        "attack-operator--5c3ac180-7cb9-42a6-98de-66e906effc2b"
      ]
    },
    {
      "type": "attack-action",
      "id": "attack-action--d3d7d621-23f1-4536-8777-aa37cfa4789f",
      "spec_version": "2.1",
      "created": "2023-01-06T08:24:53.529Z",
      "modified": "2023-01-06T08:24:53.529Z",
      "extensions": {
        "extension-definition--fb9c968a-745b-4ade-9b25-c324172197f4": {
          "extension_type": "new-sdo"
        }
      },
      "name": "Command and Scripting Interpreter: PowerShell",
      "technique_id": "T1059.001",
      "description": "Obfuscated PowerShell scripts delivering Cobalt Strike beacons are downloaded",
      "confidence": 100,
      "effect_refs": [
        "attack-operator--5c3ac180-7cb9-42a6-98de-66e906effc2b"
      ]
    },
    {
      "type": "attack-action",
      "id": "attack-action--3488c178-ef07-4ba9-9007-6ca8aaff51c9",
      "spec_version": "2.1",
      "created": "2023-01-06T08:24:53.529Z",
      "modified": "2023-01-06T08:24:53.529Z",
      "extensions": {
        "extension-definition--fb9c968a-745b-4ade-9b25-c324172197f4": {
          "extension_type": "new-sdo"
        }
      },
      "name": "Boot or Logon Autostart Execution: Registry Run Keys / Startup Folder",
      "technique_id": "T1547.001",
      "description": "Windows Registry Autorun is used to execute VBScript and PowerShell scripts residing in the ProgramData folder",
      "confidence": 100,
      "effect_refs": [
        "attack-operator--c75d6f51-0b7c-4b90-bd97-943385d84391"
      ]
    },
    {
      "type": "attack-action",
      "id": "attack-action--96bb23ee-9fa2-4442-b49c-4b2dcc49d043",
      "spec_version": "2.1",
      "created": "2023-01-06T08:24:53.529Z",
      "modified": "2023-01-06T08:24:53.529Z",
      "extensions": {
        "extension-definition--fb9c968a-745b-4ade-9b25-c324172197f4": {
          "extension_type": "new-sdo"
        }
      },
      "name": "Command and Scripting Interpreter: PowerShell",
      "technique_id": "T1059.001",
      "description": "Obfuscated PowerShell scripts that executes a Cobalt Strike beacon",
      "confidence": 100,
      "effect_refs": [
        "attack-operator--8e2a58eb-6a0c-486b-b318-8527f5c3357a"
      ]
    },
    {
      "type": "attack-action",
      "id": "attack-action--8589d97f-43fd-4d11-83a0-41e5902cfe9f",
      "spec_version": "2.1",
      "created": "2023-01-06T08:24:53.529Z",
      "modified": "2023-01-06T08:24:53.529Z",
      "extensions": {
        "extension-definition--fb9c968a-745b-4ade-9b25-c324172197f4": {
          "extension_type": "new-sdo"
        }
      },
      "name": "Hide Artifacts: NTFS File Attributes",
      "technique_id": "T1564.001",
      "description": "Payloads for persistence were hidden in NTFS Alternate Data Streams",
      "confidence": 100,
      "effect_refs": [
        "attack-operator--c75d6f51-0b7c-4b90-bd97-943385d84391"
      ]
    },
    {
      "type": "attack-action",
      "id": "attack-action--a19ca663-f6ef-4925-bef4-94248349f2e6",
      "spec_version": "2.1",
      "created": "2023-01-06T08:24:53.529Z",
      "modified": "2023-01-06T08:24:53.529Z",
      "extensions": {
        "extension-definition--fb9c968a-745b-4ade-9b25-c324172197f4": {
          "extension_type": "new-sdo"
        }
      },
      "name": "Scheduled Task/Job: Scheduled Task",
      "technique_id": "T1053.005",
      "description": "Scheduled tasks are created that load malicious PowerShell payloads using DLL hijacking with a Google Update binary",
      "confidence": 100,
      "effect_refs": [
        "attack-operator--c75d6f51-0b7c-4b90-bd97-943385d84391"
      ]
    },
    {
      "type": "attack-action",
      "id": "attack-action--ac381463-471d-4ccb-9177-ebd834ed5706",
      "spec_version": "2.1",
      "created": "2023-01-06T08:24:53.529Z",
      "modified": "2023-01-06T08:24:53.529Z",
      "extensions": {
        "extension-definition--fb9c968a-745b-4ade-9b25-c324172197f4": {
          "extension_type": "new-sdo"
        }
      },
      "name": "Create or Modify System Process: Windows Service",
      "technique_id": "T1059.005",
      "description": "Windows services were created and/or modified to load PowerShell scripts",
      "confidence": 100,
      "effect_refs": [
        "attack-operator--c75d6f51-0b7c-4b90-bd97-943385d84391"
      ]
    },
    {
      "type": "attack-action",
      "id": "attack-action--a229d676-e14f-46ee-9bc4-22e769c9abad",
      "spec_version": "2.1",
      "created": "2023-01-06T08:24:53.529Z",
      "modified": "2023-01-06T08:24:53.529Z",
      "extensions": {
        "extension-definition--fb9c968a-745b-4ade-9b25-c324172197f4": {
          "extension_type": "new-sdo"
        }
      },
      "name": "Office Application Startup",
      "technique_id": "T1137",
      "description": "Malicious Outlook backdoor macroes were to used to communicate with C2 servers and exfiltrate data",
      "confidence": 100,
      "effect_refs": [
        "attack-operator--c75d6f51-0b7c-4b90-bd97-943385d84391"
      ]
    },
    {
      "type": "attack-action",
      "id": "attack-action--53f217bc-c353-4ada-b782-7391aaee5685",
      "spec_version": "2.1",
      "created": "2023-01-06T08:24:53.529Z",
      "modified": "2023-01-06T08:24:53.529Z",
      "extensions": {
        "extension-definition--fb9c968a-745b-4ade-9b25-c324172197f4": {
          "extension_type": "new-sdo"
        }
      },
      "name": "Phantom DLL Hijacking",
      "description": "A malicious DLL file was implanted where the Windows Search Service would run and load the DLL",
      "confidence": 100,
      "effect_refs": [
        "attack-action--4c1cd5fd-27ee-4600-901a-5897e05d1b58"
      ]
    },
    {
      "type": "attack-action",
      "id": "attack-action--4c1cd5fd-27ee-4600-901a-5897e05d1b58",
      "spec_version": "2.1",
      "created": "2023-01-06T08:24:53.529Z",
      "modified": "2023-01-06T08:24:53.529Z",
      "extensions": {
        "extension-definition--fb9c968a-745b-4ade-9b25-c324172197f4": {
          "extension_type": "new-sdo"
        }
      },
      "name": "Signed Binary Proxy Execution: Regsvr32",
      "technique_id": "T1218.010",
      "description": "Regsvr32.exe is used to download COM scriplets for malicious execution",
      "confidence": 100,
      "effect_refs": [
        "attack-action--bad6fe95-996c-432e-9362-e187a87ba485",
        "attack-action--a19b78e2-9d90-46a7-bb55-7dc533edee63",
        "attack-action--2129fd6d-9887-4a29-b550-3a598b50f641"
      ]
    },
    {
      "type": "attack-action",
      "id": "attack-action--436a56c4-7998-45f2-8f4e-3e4709e3e80c",
      "spec_version": "2.1",
      "created": "2023-01-06T08:24:53.529Z",
      "modified": "2023-01-06T08:24:53.529Z",
      "extensions": {
        "extension-definition--fb9c968a-745b-4ade-9b25-c324172197f4": {
          "extension_type": "new-sdo"
        }
      },
      "name": "Remote System Discovery",
      "technique_id": "T1018",
      "description": "Network scanning was performed against entire ranges to gain information on open ports, services, and operating systems for remote systems",
      "confidence": 100,
      "effect_refs": [
        "attack-operator--445fd1d0-da6d-4b9d-9bf2-35465cf2774c"
      ]
    },
    {
      "type": "attack-action",
      "id": "attack-action--a19b78e2-9d90-46a7-bb55-7dc533edee63",
      "spec_version": "2.1",
      "created": "2023-01-06T08:24:53.529Z",
      "modified": "2023-01-06T08:24:53.529Z",
      "extensions": {
        "extension-definition--fb9c968a-745b-4ade-9b25-c324172197f4": {
          "extension_type": "new-sdo"
        }
      },
      "name": "Data Obfuscation: Protocol Impersonation",
      "technique_id": "T1001.003",
      "description": "Cobalt Strike's malleable C2 profiles were used to impersonate Amazon, Google Safe Browsing, Pandora, and OSCP traffic",
      "confidence": 100,
      "effect_refs": [
        "attack-operator--f7a7356a-a39f-438a-9a59-cd6654f88363"
      ]
    },
    {
      "type": "attack-action",
      "id": "attack-action--bad6fe95-996c-432e-9362-e187a87ba485",
      "spec_version": "2.1",
      "created": "2023-01-06T08:24:53.529Z",
      "modified": "2023-01-06T08:24:53.529Z",
      "extensions": {
        "extension-definition--fb9c968a-745b-4ade-9b25-c324172197f4": {
          "extension_type": "new-sdo"
        }
      },
      "name": "Application Layer Protocol: DNS",
      "technique_id": "T1071.004",
      "description": "DNS tunneling was used for C2 communication and data exfiltration",
      "confidence": 100,
      "effect_refs": [
        "attack-operator--f7a7356a-a39f-438a-9a59-cd6654f88363"
      ]
    },
    {
      "type": "attack-action",
      "id": "attack-action--2129fd6d-9887-4a29-b550-3a598b50f641",
      "spec_version": "2.1",
      "created": "2023-01-06T08:24:53.529Z",
      "modified": "2023-01-06T08:24:53.529Z",
      "extensions": {
        "extension-definition--fb9c968a-745b-4ade-9b25-c324172197f4": {
          "extension_type": "new-sdo"
        }
      },
      "name": "Application Layer Protocol: Mail Protocols",
      "technique_id": "T1071.003",
      "description": "Malicious Outlook macroes were created to utilize email for C2 communication and data exfiltration",
      "confidence": 100,
      "effect_refs": [
        "attack-operator--f7a7356a-a39f-438a-9a59-cd6654f88363"
      ]
    },
    {
      "type": "attack-action",
      "id": "attack-action--e70b0b83-e9b0-4188-a1c1-c049cec1c48e",
      "spec_version": "2.1",
      "created": "2023-01-06T08:24:53.529Z",
      "modified": "2023-01-06T08:24:53.529Z",
      "extensions": {
        "extension-definition--fb9c968a-745b-4ade-9b25-c324172197f4": {
          "extension_type": "new-sdo"
        }
      },
      "name": "System Information Discovery",
      "technique_id": "T1082",
      "description": "The attackers used several tools built into the Windows OS to gather information on the environment’s users. ",
      "confidence": 100,
      "effect_refs": [
        "attack-operator--445fd1d0-da6d-4b9d-9bf2-35465cf2774c"
      ]
    },
    {
      "type": "attack-action",
      "id": "attack-action--90c24039-8903-407d-a9a8-9960faf084e2",
      "spec_version": "2.1",
      "created": "2023-01-06T08:24:53.529Z",
      "modified": "2023-01-06T08:24:53.529Z",
      "extensions": {
        "extension-definition--fb9c968a-745b-4ade-9b25-c324172197f4": {
          "extension_type": "new-sdo"
        }
      },
      "name": "System Network Configuration Discovery",
      "technique_id": "T1016",
      "description": "The attackers used several tools built into the Windows OS to gather information on the environment’s network configurations.",
      "confidence": 100,
      "effect_refs": [
        "attack-operator--a414b5c1-9edb-455d-b737-72205d43b17a"
      ]
    },
    {
      "type": "attack-action",
      "id": "attack-action--47a28c6a-51bc-4144-afd3-8117e2ce6828",
      "spec_version": "2.1",
      "created": "2023-01-06T08:24:53.529Z",
      "modified": "2023-01-06T08:24:53.529Z",
      "extensions": {
        "extension-definition--fb9c968a-745b-4ade-9b25-c324172197f4": {
          "extension_type": "new-sdo"
        }
      },
      "name": "Network Service Scanning",
      "technique_id": "T1046",
      "description": "Network scanning was performed against entire ranges to gain information on open ports, services, and operating systems",
      "confidence": 100,
      "effect_refs": [
        "attack-operator--445fd1d0-da6d-4b9d-9bf2-35465cf2774c"
      ]
    },
    {
      "type": "attack-action",
      "id": "attack-action--7ec57638-9eba-4456-af50-1a0e4804510d",
      "spec_version": "2.1",
      "created": "2023-01-06T08:24:53.529Z",
      "modified": "2023-01-06T08:24:53.529Z",
      "extensions": {
        "extension-definition--fb9c968a-745b-4ade-9b25-c324172197f4": {
          "extension_type": "new-sdo"
        }
      },
      "name": "OS Credential Dumping: LSA Secrets",
      "technique_id": "T1003.004",
      "description": "Modified version of Mimikatz was used to dump credentials",
      "effect_refs": [
        "attack-action--c7ef4391-eb20-443b-91c2-cceaf0b06458",
        "attack-action--2a0d98d7-92cc-4087-93ad-ff1db995bec6",
        "attack-action--6c5276a7-4e5c-4807-957b-d1673f27aec5",
        "attack-action--03fd7c2f-1eab-4468-8d67-7a331b75c261"
      ]
    },
    {
      "type": "attack-action",
      "id": "attack-action--03fd7c2f-1eab-4468-8d67-7a331b75c261",
      "spec_version": "2.1",
      "created": "2023-01-06T08:24:53.529Z",
      "modified": "2023-01-06T08:24:53.529Z",
      "extensions": {
        "extension-definition--fb9c968a-745b-4ade-9b25-c324172197f4": {
          "extension_type": "new-sdo"
        }
      },
      "name": "Remote Services: SMB/Windows Admin Shares",
      "description": "Net.exe was used to perform lateral movement via Windows Admin Shares",
      "asset_refs": [
        "attack-asset--1eccea60-8db3-4ac0-9db2-d4eef1c3b484"
      ]
    },
    {
      "type": "attack-action",
      "id": "attack-action--c7ef4391-eb20-443b-91c2-cceaf0b06458",
      "spec_version": "2.1",
      "created": "2023-01-06T08:24:53.529Z",
      "modified": "2023-01-06T08:24:53.529Z",
      "extensions": {
        "extension-definition--fb9c968a-745b-4ade-9b25-c324172197f4": {
          "extension_type": "new-sdo"
        }
      },
      "name": "Windows Management Instrumentation",
      "technique_id": "T1047",
      "description": "WMI and 'net user' commands were used to deploy tools on remote machines"
    },
    {
      "type": "attack-action",
      "id": "attack-action--2a0d98d7-92cc-4087-93ad-ff1db995bec6",
      "spec_version": "2.1",
      "created": "2023-01-06T08:24:53.529Z",
      "modified": "2023-01-06T08:24:53.529Z",
      "extensions": {
        "extension-definition--fb9c968a-745b-4ade-9b25-c324172197f4": {
          "extension_type": "new-sdo"
        }
      },
      "name": "Use Alternate Authentication Material: Pass the Hash",
      "technique_id": "T1550.002",
      "description": "The attackers deployed a customized Mimikatz using stolen credentials from an administrative account, which they used to carry out a pass-the-hash attack"
    },
    {
      "type": "attack-action",
      "id": "attack-action--6c5276a7-4e5c-4807-957b-d1673f27aec5",
      "spec_version": "2.1",
      "created": "2023-01-06T08:24:53.529Z",
      "modified": "2023-01-06T08:24:53.529Z",
      "extensions": {
        "extension-definition--fb9c968a-745b-4ade-9b25-c324172197f4": {
          "extension_type": "new-sdo"
        }
      },
      "name": "Use Alternate Authentication Material: Pass the Ticket",
      "technique_id": "T1550.003",
      "description": "The attackers deployed a customized Mimikatz using stolen credentials from an administrative account, which they used to carry out a pass-the-ticket attack"
    },
    {
      "type": "attack-operator",
      "id": "attack-operator--f7a7356a-a39f-438a-9a59-cd6654f88363",
      "spec_version": "2.1",
      "created": "2023-01-06T08:24:53.529Z",
      "modified": "2023-01-06T08:24:53.529Z",
      "extensions": {
        "extension-definition--fb9c968a-745b-4ade-9b25-c324172197f4": {
          "extension_type": "new-sdo"
        }
      },
      "operator": "AND",
      "effect_refs": [
        "attack-action--47a28c6a-51bc-4144-afd3-8117e2ce6828",
        "attack-action--436a56c4-7998-45f2-8f4e-3e4709e3e80c",
        "attack-action--e70b0b83-e9b0-4188-a1c1-c049cec1c48e"
      ]
    },
    {
      "type": "attack-action",
      "id": "attack-action--fa7a634c-2450-499a-9bf3-a09d8e34e937",
      "spec_version": "2.1",
      "created": "2023-01-06T08:24:53.529Z",
      "modified": "2023-01-06T08:24:53.529Z",
      "extensions": {
        "extension-definition--fb9c968a-745b-4ade-9b25-c324172197f4": {
          "extension_type": "new-sdo"
        }
      },
      "name": "System Network Connections Discovery",
      "technique_id": "T1049",
      "description": "The attackers used several tools built into the Windows OS to gather information on the environment’s network connections.",
      "confidence": 100,
      "effect_refs": [
        "attack-operator--a414b5c1-9edb-455d-b737-72205d43b17a"
      ]
    },
    {
      "type": "attack-operator",
      "id": "attack-operator--445fd1d0-da6d-4b9d-9bf2-35465cf2774c",
      "spec_version": "2.1",
      "created": "2023-01-06T08:24:53.529Z",
      "modified": "2023-01-06T08:24:53.529Z",
      "extensions": {
        "extension-definition--fb9c968a-745b-4ade-9b25-c324172197f4": {
          "extension_type": "new-sdo"
        }
      },
      "operator": "AND",
      "effect_refs": [
        "attack-action--fa7a634c-2450-499a-9bf3-a09d8e34e937",
        "attack-action--90c24039-8903-407d-a9a8-9960faf084e2"
      ]
    },
    {
      "type": "attack-operator",
      "id": "attack-operator--8e2a58eb-6a0c-486b-b318-8527f5c3357a",
      "spec_version": "2.1",
      "created": "2023-01-06T08:24:53.529Z",
      "modified": "2023-01-06T08:24:53.529Z",
      "extensions": {
        "extension-definition--fb9c968a-745b-4ade-9b25-c324172197f4": {
          "extension_type": "new-sdo"
        }
      },
      "operator": "AND",
      "effect_refs": [
        "attack-action--ac381463-471d-4ccb-9177-ebd834ed5706",
        "attack-action--8589d97f-43fd-4d11-83a0-41e5902cfe9f",
        "attack-action--3488c178-ef07-4ba9-9007-6ca8aaff51c9",
        "attack-action--a19ca663-f6ef-4925-bef4-94248349f2e6",
        "attack-action--a229d676-e14f-46ee-9bc4-22e769c9abad"
      ]
    },
    {
      "type": "attack-action",
      "id": "attack-action--788fab85-7ed0-42d7-aed2-cec8ac099f32",
      "spec_version": "2.1",
      "created": "2023-01-06T08:24:53.529Z",
      "modified": "2023-01-06T08:24:53.529Z",
      "extensions": {
        "extension-definition--fb9c968a-745b-4ade-9b25-c324172197f4": {
          "extension_type": "new-sdo"
        }
      },
      "name": "Command and Scripting Interpreter: Visual Basic",
      "technique_id": "T1059.005",
      "description": "Attackers dropped Visual Basic and PowerShell scripts in folders that they created under the ProgramData",
      "confidence": 100,
      "effect_refs": [
        "attack-operator--8e2a58eb-6a0c-486b-b318-8527f5c3357a"
      ]
    },
    {
      "type": "threat-actor",
      "id": "threat-actor--f5182f82-449b-4edd-9c74-bf2ad4bcaf9d",
      "spec_version": "2.1",
      "created": "2023-01-06T08:24:53.529Z",
      "modified": "2023-01-06T08:24:53.529Z",
      "name": "OceanLotus",
      "description": "APT32 is a suspected Vietnam-based threat group that has been active since at least 2012. The group has targeted multiple private sector industries as well as foreign governments, dissidents, and journalists with a strong focus on Southeast Asian countries like Vietnam, the Philippines, Laos, and Cambodia. Their primary objective is to collect information related to perceived threats to the Vietnamese government. but with possible geopolitical and economic espionage objectives as well. They have extensively used strategic web compromises to compromise victims.",
      "threat_actor_types": [
        "Activist",
        "Crime-syndicate",
        "Competitor"
      ],
      "aliases": [
        "Ocean Buffalo",
        "SeaLotus",
        "APT32",
        "TIN WOODLAWN",
        "APT-C-00"
      ],
      "first_seen": "2012-01-01T00:00:00.000Z",
      "roles": [
        "Agent",
        "Independent"
      ],
      "goals": [
        "Collect information on perceived threats to the Vietnamese government; geopolitical and economic espionage"
      ],
      "sophistication": "Expert",
      "resource_level": "Organization",
      "primary_motivation": "organizational-gain",
      "secondary_motivations": [
        "ideology"
      ]
    },
    {
      "type": "campaign",
      "id": "campaign--8ed0c3ff-cecd-40f1-9d6b-e3dbe955ac7a",
      "spec_version": "2.1",
      "created": "2023-01-06T08:24:53.529Z",
      "modified": "2023-01-06T08:24:53.529Z",
      "name": "Operation Cobalt Kitty",
      "description": "A large-scale APT in Asia carried out by the OceanLotus Group",
      "objective": "Stealing proprietary business information"
    },
    {
      "type": "attack-operator",
      "id": "attack-operator--5c3ac180-7cb9-42a6-98de-66e906effc2b",
      "spec_version": "2.1",
      "created": "2023-01-06T08:24:53.529Z",
      "modified": "2023-01-06T08:24:53.529Z",
      "extensions": {
        "extension-definition--fb9c968a-745b-4ade-9b25-c324172197f4": {
          "extension_type": "new-sdo"
        }
      },
      "operator": "OR",
      "effect_refs": [
        "attack-action--398ab58e-b755-4251-9dc5-293817d349ea"
      ]
    },
    {
      "type": "attack-operator",
      "id": "attack-operator--c75d6f51-0b7c-4b90-bd97-943385d84391",
      "spec_version": "2.1",
      "created": "2023-01-06T08:24:53.529Z",
      "modified": "2023-01-06T08:24:53.529Z",
      "extensions": {
        "extension-definition--fb9c968a-745b-4ade-9b25-c324172197f4": {
          "extension_type": "new-sdo"
        }
      },
      "operator": "AND",
      "effect_refs": [
        "attack-action--53f217bc-c353-4ada-b782-7391aaee5685"
      ]
    },
    {
      "type": "attack-operator",
      "id": "attack-operator--a414b5c1-9edb-455d-b737-72205d43b17a",
      "spec_version": "2.1",
      "created": "2023-01-06T08:24:53.529Z",
      "modified": "2023-01-06T08:24:53.529Z",
      "extensions": {
        "extension-definition--fb9c968a-745b-4ade-9b25-c324172197f4": {
          "extension_type": "new-sdo"
        }
      },
      "operator": "AND",
      "effect_refs": [
        "attack-action--7ec57638-9eba-4456-af50-1a0e4804510d"
      ]
    },
    {
      "type": "tool",
      "id": "tool--e378563e-c6df-4d01-89a9-f3545cc42517",
      "spec_version": "2.1",
      "created": "2023-01-06T08:24:53.529Z",
      "modified": "2023-01-06T08:24:53.529Z",
      "name": "Windows Management Instrumentation (WMI) ",
      "tool_types": [
        "Information-gathering"
      ]
    },
    {
      "type": "tool",
      "id": "tool--38394be6-1da8-45e2-86c4-180837bd00e8",
      "spec_version": "2.1",
      "created": "2023-01-06T08:24:53.529Z",
      "modified": "2023-01-06T08:24:53.529Z",
      "name": "Arp",
      "tool_types": [
        "Information-gathering"
      ]
    },
    {
      "type": "tool",
      "id": "tool--127e715e-a04a-4103-84ef-99015b27d94f",
      "spec_version": "2.1",
      "created": "2023-01-06T08:24:53.529Z",
      "modified": "2023-01-06T08:24:53.529Z",
      "name": "Ipconfig",
      "tool_types": [
        "Information-gathering"
      ]
    },
    {
      "type": "tool",
      "id": "tool--09b75cde-799f-432c-9920-bbf13d0eb336",
      "spec_version": "2.1",
      "created": "2023-01-06T08:24:53.529Z",
      "modified": "2023-01-06T08:24:53.529Z",
      "name": "Netstat",
      "tool_types": [
        "Information-gathering"
      ]
    },
    {
      "type": "tool",
      "id": "tool--cd07bd67-3e94-4fce-8c86-589ad7c314c0",
      "spec_version": "2.1",
      "created": "2023-01-06T08:24:53.529Z",
      "modified": "2023-01-06T08:24:53.529Z",
      "name": "net user/group/localgroup",
      "tool_types": [
        "Information-gathering"
      ]
    },
    {
      "type": "tool",
      "id": "tool--0ade6c1a-d0b5-47d2-a633-b61144024874",
      "spec_version": "2.1",
      "created": "2023-01-06T08:24:53.529Z",
      "modified": "2023-01-06T08:24:53.529Z",
      "name": "Nslookup",
      "tool_types": [
        "Information-gathering"
      ]
    },
    {
      "type": "tool",
      "id": "tool--b1ddb6da-5c43-440d-9189-39c740659ccc",
      "spec_version": "2.1",
      "created": "2023-01-06T08:24:53.529Z",
      "modified": "2023-01-06T08:24:53.529Z",
      "name": "Netsh",
      "tool_types": [
        "Information-gathering"
      ]
    },
    {
      "type": "tool",
      "id": "tool--f2fac0de-8565-48ab-9ce8-d67dee1edeb6",
      "spec_version": "2.1",
      "created": "2023-01-06T08:24:53.529Z",
      "modified": "2023-01-06T08:24:53.529Z",
      "name": "Mimikatz",
      "tool_types": [
        "credential-exploitation"
      ]
    },
    {
      "type": "tool",
      "id": "tool--6c9c4fd4-1e75-45c2-921c-a2df79fd4108",
      "spec_version": "2.1",
      "created": "2023-01-06T08:24:53.529Z",
      "modified": "2023-01-06T08:24:53.529Z",
      "name": "Net.exe",
      "tool_types": [
        "remote-access"
      ]
    },
    {
      "type": "attack-asset",
      "id": "attack-asset--1eccea60-8db3-4ac0-9db2-d4eef1c3b484",
      "spec_version": "2.1",
      "created": "2023-01-06T08:24:53.529Z",
      "modified": "2023-01-06T08:24:53.529Z",
      "extensions": {
        "extension-definition--fb9c968a-745b-4ade-9b25-c324172197f4": {
          "extension_type": "new-sdo"
        }
      },
      "name": "Windows Admin Shares"
    },
    {
      "type": "tool",
      "id": "tool--1d4a5369-38f8-4b40-8390-2c3cf8f940a0",
      "spec_version": "2.1",
      "created": "2023-01-06T08:24:53.529Z",
      "modified": "2023-01-06T08:24:53.529Z",
      "name": "WMI",
      "tool_types": [
        "Exploitation"
      ]
    },
    {
      "type": "tool",
      "id": "tool--a1e3e09a-26c1-439c-8985-5bdf2ed377fa",
      "spec_version": "2.1",
      "created": "2023-01-06T08:24:53.529Z",
      "modified": "2023-01-06T08:24:53.529Z",
      "name": "Net user",
      "tool_types": [
        "remote-access",
        "exploitation"
      ]
    },
    {
      "type": "tool",
      "id": "tool--750c2016-1016-48d8-95ea-df5b32a8f8ee",
      "spec_version": "2.1",
      "created": "2023-01-06T08:24:53.529Z",
      "modified": "2023-01-06T08:24:53.529Z",
      "name": "Mimikatz",
      "tool_types": [
        "credential-exploitation"
      ]
    },
    {
      "type": "relationship",
      "id": "relationship--459e8c29-2d54-4120-b332-84c85dd90da3",
      "spec_version": "2.1",
      "created": "2023-01-06T08:24:53.529Z",
      "modified": "2023-01-06T08:24:53.529Z",
      "relationship_type": "related-to",
      "source_ref": "attack-action--7e43c3eb-f609-4a53-beb3-40829afb89aa",
      "target_ref": "campaign--8ed0c3ff-cecd-40f1-9d6b-e3dbe955ac7a"
    },
    {
      "type": "relationship",
      "id": "relationship--82b9cc75-2a40-474e-98a4-f475f23c57f6",
      "spec_version": "2.1",
      "created": "2023-01-06T08:24:53.529Z",
      "modified": "2023-01-06T08:24:53.529Z",
      "relationship_type": "related-to",
      "source_ref": "attack-action--508bc600-bbf4-4e31-a789-8971f51dc581",
      "target_ref": "campaign--8ed0c3ff-cecd-40f1-9d6b-e3dbe955ac7a"
    },
    {
      "type": "relationship",
      "id": "relationship--19a23e97-d52e-409a-8cc2-c657abb41a77",
      "spec_version": "2.1",
      "created": "2023-01-06T08:24:53.529Z",
      "modified": "2023-01-06T08:24:53.529Z",
      "relationship_type": "related-to",
      "source_ref": "attack-action--e70b0b83-e9b0-4188-a1c1-c049cec1c48e",
      "target_ref": "tool--e378563e-c6df-4d01-89a9-f3545cc42517"
    },
    {
      "type": "relationship",
      "id": "relationship--c37c8948-b95f-44e7-9c6e-87db92a53089",
      "spec_version": "2.1",
      "created": "2023-01-06T08:24:53.529Z",
      "modified": "2023-01-06T08:24:53.529Z",
      "relationship_type": "related-to",
      "source_ref": "attack-action--e70b0b83-e9b0-4188-a1c1-c049cec1c48e",
      "target_ref": "tool--127e715e-a04a-4103-84ef-99015b27d94f"
    },
    {
      "type": "relationship",
      "id": "relationship--26ae2e3c-488e-44d8-a217-4b87ce3261f8",
      "spec_version": "2.1",
      "created": "2023-01-06T08:24:53.529Z",
      "modified": "2023-01-06T08:24:53.529Z",
      "relationship_type": "related-to",
      "source_ref": "attack-action--e70b0b83-e9b0-4188-a1c1-c049cec1c48e",
      "target_ref": "tool--38394be6-1da8-45e2-86c4-180837bd00e8"
    },
    {
      "type": "relationship",
      "id": "relationship--219ff52a-c60c-4c89-ab64-97accf79572b",
      "spec_version": "2.1",
      "created": "2023-01-06T08:24:53.529Z",
      "modified": "2023-01-06T08:24:53.529Z",
      "relationship_type": "related-to",
      "source_ref": "attack-action--90c24039-8903-407d-a9a8-9960faf084e2",
      "target_ref": "tool--0ade6c1a-d0b5-47d2-a633-b61144024874"
    },
    {
      "type": "relationship",
      "id": "relationship--98e209d1-4e8d-40a1-8fb2-4feed66e3f33",
      "spec_version": "2.1",
      "created": "2023-01-06T08:24:53.529Z",
      "modified": "2023-01-06T08:24:53.529Z",
      "relationship_type": "related-to",
      "source_ref": "attack-action--90c24039-8903-407d-a9a8-9960faf084e2",
      "target_ref": "tool--cd07bd67-3e94-4fce-8c86-589ad7c314c0"
    },
    {
      "type": "relationship",
      "id": "relationship--06ace3ba-cf45-4d05-a86b-c24f5d910bdb",
      "spec_version": "2.1",
      "created": "2023-01-06T08:24:53.529Z",
      "modified": "2023-01-06T08:24:53.529Z",
      "relationship_type": "related-to",
      "source_ref": "attack-action--90c24039-8903-407d-a9a8-9960faf084e2",
      "target_ref": "tool--b1ddb6da-5c43-440d-9189-39c740659ccc"
    },
    {
      "type": "relationship",
      "id": "relationship--e9f68286-1916-4d27-b600-787f32a986b8",
      "spec_version": "2.1",
      "created": "2023-01-06T08:24:53.529Z",
      "modified": "2023-01-06T08:24:53.529Z",
      "relationship_type": "related-to",
      "source_ref": "attack-action--7ec57638-9eba-4456-af50-1a0e4804510d",
      "target_ref": "tool--f2fac0de-8565-48ab-9ce8-d67dee1edeb6"
    },
    {
      "type": "relationship",
      "id": "relationship--ce880f49-17b7-4992-9993-ad3732e56e37",
      "spec_version": "2.1",
      "created": "2023-01-06T08:24:53.529Z",
      "modified": "2023-01-06T08:24:53.529Z",
      "relationship_type": "related-to",
      "source_ref": "attack-action--03fd7c2f-1eab-4468-8d67-7a331b75c261",
      "target_ref": "tool--6c9c4fd4-1e75-45c2-921c-a2df79fd4108"
    },
    {
      "type": "relationship",
      "id": "relationship--d71b07be-85a3-4a8c-b971-a24c0a453516",
      "spec_version": "2.1",
      "created": "2023-01-06T08:24:53.529Z",
      "modified": "2023-01-06T08:24:53.529Z",
      "relationship_type": "related-to",
      "source_ref": "attack-action--c7ef4391-eb20-443b-91c2-cceaf0b06458",
      "target_ref": "tool--1d4a5369-38f8-4b40-8390-2c3cf8f940a0"
    },
    {
      "type": "relationship",
      "id": "relationship--86ba281e-72d9-497f-807d-b8ca68882faf",
      "spec_version": "2.1",
      "created": "2023-01-06T08:24:53.529Z",
      "modified": "2023-01-06T08:24:53.529Z",
      "relationship_type": "related-to",
      "source_ref": "attack-action--c7ef4391-eb20-443b-91c2-cceaf0b06458",
      "target_ref": "tool--a1e3e09a-26c1-439c-8985-5bdf2ed377fa"
    },
    {
      "type": "relationship",
      "id": "relationship--fcda8205-859e-4ffb-bdc9-52c55ac54c93",
      "spec_version": "2.1",
      "created": "2023-01-06T08:24:53.529Z",
      "modified": "2023-01-06T08:24:53.529Z",
      "relationship_type": "related-to",
      "source_ref": "attack-action--2a0d98d7-92cc-4087-93ad-ff1db995bec6",
      "target_ref": "tool--750c2016-1016-48d8-95ea-df5b32a8f8ee"
    },
    {
      "type": "relationship",
      "id": "relationship--3096179b-1a90-47b0-94dc-4af8f176b1fd",
      "spec_version": "2.1",
      "created": "2023-01-06T08:24:53.529Z",
      "modified": "2023-01-06T08:24:53.529Z",
      "relationship_type": "related-to",
      "source_ref": "attack-action--6c5276a7-4e5c-4807-957b-d1673f27aec5",
      "target_ref": "tool--750c2016-1016-48d8-95ea-df5b32a8f8ee"
    },
    {
      "type": "relationship",
      "id": "relationship--7c4ef1bf-74f0-4cf2-8498-be2717d47a59",
      "spec_version": "2.1",
      "created": "2023-01-06T08:24:53.529Z",
      "modified": "2023-01-06T08:24:53.529Z",
      "relationship_type": "related-to",
      "source_ref": "attack-action--fa7a634c-2450-499a-9bf3-a09d8e34e937",
      "target_ref": "tool--09b75cde-799f-432c-9920-bbf13d0eb336"
    },
    {
      "type": "relationship",
      "id": "relationship--7cf25232-4f91-435b-b17f-83850ca5ce2f",
      "spec_version": "2.1",
      "created": "2023-01-06T08:24:53.529Z",
      "modified": "2023-01-06T08:24:53.529Z",
      "relationship_type": "related-to",
      "source_ref": "campaign--8ed0c3ff-cecd-40f1-9d6b-e3dbe955ac7a",
      "target_ref": "threat-actor--f5182f82-449b-4edd-9c74-bf2ad4bcaf9d"
    }
  ]
}