{
  "type": "bundle",
  "id": "bundle--8adeae82-14df-49e5-a29b-35ec105df5f1",
  "spec_version": "2.1",
  "created": "2023-01-06T08:11:37.191Z",
  "modified": "2023-01-06T08:11:37.191Z",
  "objects": [
    {
      "type": "extension-definition",
      "id": "extension-definition--fb9c968a-745b-4ade-9b25-c324172197f4",
      "spec_version": "2.1",
      "created": "2022-08-02T19:34:35.143Z",
      "modified": "2022-08-02T19:34:35.143Z",
      "name": "Attack Flow",
      "description": "Extends STIX 2.1 with features to create Attack Flows.",
      "created_by_ref": "identity--fb9c968a-745b-4ade-9b25-c324172197f4",
      "schema": "https://center-for-threat-informed-defense.github.io/attack-flow/stix/attack-flow-schema-2.0.0.json",
      "version": "2.0.0",
      "extension_types": [
        "new-sdo"
      ],
      "external_references": [
        {
          "source_name": "Documentation",
          "description": "Documentation for Attack Flow",
          "url": "https://center-for-threat-informed-defense.github.io/attack-flow"
        },
        {
          "source_name": "GitHub",
          "description": "Source code repository for Attack Flow",
          "url": "https://github.com/center-for-threat-informed-defense/attack-flow"
        }
      ]
    },
    {
      "type": "identity",
      "id": "identity--fb9c968a-745b-4ade-9b25-c324172197f4",
      "spec_version": "2.1",
      "created": "2022-08-02T19:34:35.143Z",
      "modified": "2022-08-02T19:34:35.143Z",
      "create_by_ref": "identity--fb9c968a-745b-4ade-9b25-c324172197f4",
      "name": "MITRE Engenuity Center for Threat-Informed Defense",
      "identity_class": "organization"
    },
    {
      "type": "attack-flow",
      "id": "attack-flow--5d6dbe20-6e8a-4a91-b927-49995af62ca5",
      "spec_version": "2.1",
      "created": "2022-10-27T02:44:54.520Z",
      "modified": "2023-01-06T08:11:37.191Z",
      "extensions": {
        "extension-definition--fb9c968a-745b-4ade-9b25-c324172197f4": {
          "extension_type": "new-sdo"
        }
      },
      "created_by_ref": "identity--03c8b88f-6872-42b1-b47b-371864f0cb0d",
      "start_refs": [
        "attack-action--6f347c34-9d8a-48f1-889e-23752c87197b"
      ],
      "name": "Equifax Breach (fixed)",
      "description": "Attack flow on the 2017 Equifax breach.",
      "author": [
        [
          "name",
          "Lauren Parker"
        ],
        [
          "identity_class",
          "23b79ae0fc0f07a3669598dd23c694cc"
        ],
        [
          "contact_information",
          "lparker@mitre.org"
        ]
      ],
      "scope": "incident",
      "external_references": [
        {
          "source_name": "CNET",
          "description": "Article",
          "url": "https://www.cnet.com/news/privacy/equifaxs-hack-one-year-later-a-look-back-at-how-it-happened-and-whats-changed/"
        },
        {
          "source_name": "CSO",
          "description": "Article",
          "url": "https://www.csoonline.com/article/3444488/equifax-data-breach-faq-what-happened-who-was-affected-what-was-the-impact.html"
        },
        {
          "source_name": "Department of Justice",
          "description": "Press Release",
          "url": "https://www.justice.gov/opa/press-release/file/1246891/download"
        },
        {
          "source_name": "Government Accountability Office",
          "description": "Congressional Request",
          "url": "https://www.warren.senate.gov/imo/media/doc/2018.09.06%20GAO%20Equifax%20report.pdf"
        }
      ]
    },
    {
      "type": "identity",
      "id": "identity--03c8b88f-6872-42b1-b47b-371864f0cb0d",
      "spec_version": "2.1",
      "created": "2023-01-06T08:11:37.191Z",
      "modified": "2023-01-06T08:11:37.191Z",
      "name": "Lauren Parker",
      "identity_class": "individual",
      "contact_information": "lparker@mitre.org"
    },
    {
      "type": "threat-actor",
      "id": "threat-actor--d3193187-95c8-428c-9de5-0e2049a778e8",
      "spec_version": "2.1",
      "created": "2023-01-06T08:11:37.191Z",
      "modified": "2023-01-06T08:11:37.191Z",
      "name": "Wu Zhiyong",
      "description": "Member of the PLA who was indicted by DoJ for computer fraud, economic espionage, and wire fraud for hacking into credit reporting agency Equifax",
      "threat_actor_types": [
        "Nation-state"
      ],
      "first_seen": "2017-05-13T04:00:00.000Z",
      "last_seen": "2017-07-30T04:00:00.000Z",
      "roles": [
        "Agent"
      ],
      "goals": [
        "access protected computers for economic espionage; transmit information from a protected computer to cause harm; steal, convey, and sell trade secrets from Equifax to benefit a foreign government, namely China"
      ],
      "sophistication": "Expert",
      "resource_level": "Government",
      "primary_motivation": "organizational-gain"
    },
    {
      "type": "threat-actor",
      "id": "threat-actor--ed3f9e1b-1c65-4d72-9bb3-01e0ec01b094",
      "spec_version": "2.1",
      "created": "2023-01-06T08:11:37.191Z",
      "modified": "2023-01-06T08:11:37.191Z",
      "name": "Wang Qian",
      "description": "Member of the PLA who was indicted by DoJ for computer fraud, economic espionage, and wire fraud for hacking into credit reporting agency Equifax",
      "threat_actor_types": [
        "Nation-state"
      ],
      "first_seen": "2017-05-13T04:00:00.000Z",
      "last_seen": "2017-07-30T04:00:00.000Z",
      "roles": [
        "Agent"
      ],
      "goals": [
        "access protected computers for economic espionage; transmit information from a protected computer to cause harm; steal, convey, and sell trade secrets from Equifax to benefit a foreign government, namely China"
      ],
      "sophistication": "Expert",
      "resource_level": "Government",
      "primary_motivation": "organizational-gain"
    },
    {
      "type": "threat-actor",
      "id": "threat-actor--52e873ba-3b38-46d4-ac6f-fa5d4875d049",
      "spec_version": "2.1",
      "created": "2023-01-06T08:11:37.192Z",
      "modified": "2023-01-06T08:11:37.192Z",
      "name": "Xu Ke",
      "description": "Member of the PLA who was indicted by DoJ for computer fraud, economic espionage, and wire fraud for hacking into credit reporting agency Equifax",
      "threat_actor_types": [
        "Nation-state"
      ],
      "first_seen": "2017-05-13T04:00:00.000Z",
      "last_seen": "2017-07-30T04:00:00.000Z",
      "roles": [
        "Agent"
      ],
      "goals": [
        "access protected computers for economic espionage; transmit information from a protected computer to cause harm; steal, convey, and sell trade secrets from Equifax to benefit a foreign government, namely China"
      ],
      "sophistication": "Expert",
      "resource_level": "Government",
      "primary_motivation": "organizational-gain"
    },
    {
      "type": "threat-actor",
      "id": "threat-actor--60ee3b8c-c6f9-4ac5-ab95-7d7e5a592638",
      "spec_version": "2.1",
      "created": "2023-01-06T08:11:37.192Z",
      "modified": "2023-01-06T08:11:37.192Z",
      "name": "Liu Lei",
      "description": "Member of the PLA who was indicted by DoJ for computer fraud, economic espionage, and wire fraud for hacking into credit reporting agency Equifax",
      "threat_actor_types": [
        "Nation-state"
      ],
      "first_seen": "2017-05-13T04:00:00.000Z",
      "last_seen": "2017-07-30T04:00:00.000Z",
      "roles": [
        "Agent"
      ],
      "goals": [
        "access protected computers for economic espionage; transmit information from a protected computer to cause harm; steal, convey, and sell trade secrets from Equifax to benefit a foreign government, namely China"
      ],
      "sophistication": "Expert",
      "resource_level": "Government",
      "primary_motivation": "organizational-gain"
    },
    {
      "type": "attack-action",
      "id": "attack-action--6f347c34-9d8a-48f1-889e-23752c87197b",
      "spec_version": "2.1",
      "created": "2023-01-06T08:11:37.192Z",
      "modified": "2023-01-06T08:11:37.192Z",
      "extensions": {
        "extension-definition--fb9c968a-745b-4ade-9b25-c324172197f4": {
          "extension_type": "new-sdo"
        }
      },
      "name": "Active Scanning: Vulnerability Scanning",
      "technique_id": "T1595.002",
      "description": " US-CERT warned about a vulnerability within Apache Struts. Attackers searched the web for systems with this vulnerability",
      "confidence": 100,
      "effect_refs": [
        "attack-condition--6a38d6e6-107c-4941-9848-a7a91b9560f8"
      ]
    },
    {
      "type": "attack-condition",
      "id": "attack-condition--6a38d6e6-107c-4941-9848-a7a91b9560f8",
      "spec_version": "2.1",
      "created": "2023-01-06T08:11:37.192Z",
      "modified": "2023-01-06T08:11:37.192Z",
      "extensions": {
        "extension-definition--fb9c968a-745b-4ade-9b25-c324172197f4": {
          "extension_type": "new-sdo"
        }
      },
      "description": "Attackers discovered vulnerable Apache Struts Web Framework on Equifax's dispute portal",
      "on_true_refs": [
        "attack-action--ed1d3b65-7d96-4fb0-88c4-c2cd30623b03"
      ]
    },
    {
      "type": "attack-action",
      "id": "attack-action--ed1d3b65-7d96-4fb0-88c4-c2cd30623b03",
      "spec_version": "2.1",
      "created": "2023-01-06T08:11:37.192Z",
      "modified": "2023-01-06T08:11:37.192Z",
      "extensions": {
        "extension-definition--fb9c968a-745b-4ade-9b25-c324172197f4": {
          "extension_type": "new-sdo"
        }
      },
      "name": "Exploit Public-Facing Application",
      "technique_id": "T1190",
      "description": "Attackers used software designed to exploit the Apache Struts Web Framework vulnerability to gain access to Equifax's online dispute portal ",
      "confidence": 100,
      "effect_refs": [
        "attack-condition--085ff46c-3c7d-43f0-8e8f-0b265e209f4d"
      ]
    },
    {
      "type": "attack-condition",
      "id": "attack-condition--085ff46c-3c7d-43f0-8e8f-0b265e209f4d",
      "spec_version": "2.1",
      "created": "2023-01-06T08:11:37.192Z",
      "modified": "2023-01-06T08:11:37.192Z",
      "extensions": {
        "extension-definition--fb9c968a-745b-4ade-9b25-c324172197f4": {
          "extension_type": "new-sdo"
        }
      },
      "description": "Attackers sold foothold into Equifax's network to more experience attackers",
      "on_true_refs": [
        "attack-action--21be9f13-3c4b-4c97-b532-326568e19550"
      ]
    },
    {
      "type": "attack-action",
      "id": "attack-action--21be9f13-3c4b-4c97-b532-326568e19550",
      "spec_version": "2.1",
      "created": "2023-01-06T08:11:37.192Z",
      "modified": "2023-01-06T08:11:37.192Z",
      "extensions": {
        "extension-definition--fb9c968a-745b-4ade-9b25-c324172197f4": {
          "extension_type": "new-sdo"
        }
      },
      "name": "Server Software Component: Web Shell",
      "technique_id": "T1505.003",
      "description": "New attackers exploited foothold and installed web shell onto the Online Dispute Portal ",
      "confidence": 100,
      "asset_refs": [
        "attack-asset--c8ab9a0b-16c8-472d-8eca-a52c2e512019"
      ],
      "effect_refs": [
        "attack-action--d9d6e1e2-dc1e-404f-a4fd-a1fac90c0a86",
        "attack-action--98563102-bd12-43d2-829c-e6591931f1fb"
      ]
    },
    {
      "type": "attack-asset",
      "id": "attack-asset--c8ab9a0b-16c8-472d-8eca-a52c2e512019",
      "spec_version": "2.1",
      "created": "2023-01-06T08:11:37.192Z",
      "modified": "2023-01-06T08:11:37.192Z",
      "extensions": {
        "extension-definition--fb9c968a-745b-4ade-9b25-c324172197f4": {
          "extension_type": "new-sdo"
        }
      },
      "name": "Online Dispute Portal"
    },
    {
      "type": "attack-action",
      "id": "attack-action--d9d6e1e2-dc1e-404f-a4fd-a1fac90c0a86",
      "spec_version": "2.1",
      "created": "2023-01-06T08:11:37.192Z",
      "modified": "2023-01-06T08:11:37.192Z",
      "extensions": {
        "extension-definition--fb9c968a-745b-4ade-9b25-c324172197f4": {
          "extension_type": "new-sdo"
        }
      },
      "name": "Gather Victim Identity Information: Credentials",
      "technique_id": "T1589.001",
      "description": "Attackers conducted recon on the online dispute portal to obtain valid credentials for database servers",
      "confidence": 100,
      "effect_refs": [
        "attack-operator--6dd662da-1e03-4873-943c-d9a8d25b306d"
      ]
    },
    {
      "type": "attack-action",
      "id": "attack-action--98563102-bd12-43d2-829c-e6591931f1fb",
      "spec_version": "2.1",
      "created": "2023-01-06T08:11:37.192Z",
      "modified": "2023-01-06T08:11:37.192Z",
      "extensions": {
        "extension-definition--fb9c968a-745b-4ade-9b25-c324172197f4": {
          "extension_type": "new-sdo"
        }
      },
      "name": "Gather Victim Network Information",
      "technique_id": "T1590",
      "description": "Attackers conducted recon to identify databases with PII",
      "confidence": 100,
      "effect_refs": [
        "attack-operator--6dd662da-1e03-4873-943c-d9a8d25b306d"
      ]
    },
    {
      "type": "attack-operator",
      "id": "attack-operator--6dd662da-1e03-4873-943c-d9a8d25b306d",
      "spec_version": "2.1",
      "created": "2023-01-06T08:11:37.192Z",
      "modified": "2023-01-06T08:11:37.192Z",
      "extensions": {
        "extension-definition--fb9c968a-745b-4ade-9b25-c324172197f4": {
          "extension_type": "new-sdo"
        }
      },
      "operator": "AND",
      "effect_refs": [
        "attack-action--6641e2c7-8ea1-443f-a29d-89e544be5eb9"
      ]
    },
    {
      "type": "attack-action",
      "id": "attack-action--6641e2c7-8ea1-443f-a29d-89e544be5eb9",
      "spec_version": "2.1",
      "created": "2023-01-06T08:11:37.192Z",
      "modified": "2023-01-06T08:11:37.192Z",
      "extensions": {
        "extension-definition--fb9c968a-745b-4ade-9b25-c324172197f4": {
          "extension_type": "new-sdo"
        }
      },
      "name": "Encrypted Channel",
      "technique_id": "T1573",
      "description": "Queried databases for PII using existing encrypted channels",
      "confidence": 100,
      "effect_refs": [
        "attack-condition--a0f50bb1-aacd-4678-8160-c2062fef2b10"
      ]
    },
    {
      "type": "attack-condition",
      "id": "attack-condition--a0f50bb1-aacd-4678-8160-c2062fef2b10",
      "spec_version": "2.1",
      "created": "2023-01-06T08:11:37.192Z",
      "modified": "2023-01-06T08:11:37.192Z",
      "extensions": {
        "extension-definition--fb9c968a-745b-4ade-9b25-c324172197f4": {
          "extension_type": "new-sdo"
        }
      },
      "description": "Attackers discovered and compromised databases storing PII",
      "on_true_refs": [
        "attack-action--20aa5b9f-3477-4e0a-a5d0-93b6c199be69",
        "attack-action--bd230072-e0f0-4478-a209-7d7aded898f2"
      ]
    },
    {
      "type": "attack-action",
      "id": "attack-action--bd230072-e0f0-4478-a209-7d7aded898f2",
      "spec_version": "2.1",
      "created": "2023-01-06T08:11:37.192Z",
      "modified": "2023-01-06T08:11:37.192Z",
      "extensions": {
        "extension-definition--fb9c968a-745b-4ade-9b25-c324172197f4": {
          "extension_type": "new-sdo"
        }
      },
      "name": "Archive Collected Data",
      "technique_id": "T1560",
      "description": " split and compress output files with information",
      "confidence": 100,
      "effect_refs": [
        "attack-operator--c1e2a2c3-c2d0-4551-9969-2d39cb6f3053"
      ]
    },
    {
      "type": "attack-action",
      "id": "attack-action--20aa5b9f-3477-4e0a-a5d0-93b6c199be69",
      "spec_version": "2.1",
      "created": "2023-01-06T08:11:37.192Z",
      "modified": "2023-01-06T08:11:37.192Z",
      "extensions": {
        "extension-definition--fb9c968a-745b-4ade-9b25-c324172197f4": {
          "extension_type": "new-sdo"
        }
      },
      "name": "Deobfuscate/Decode Files or Information",
      "technique_id": "T1140",
      "description": "split and compressed output files with information - obfuscate PII information",
      "confidence": 100,
      "effect_refs": [
        "attack-operator--c1e2a2c3-c2d0-4551-9969-2d39cb6f3053"
      ]
    },
    {
      "type": "attack-operator",
      "id": "attack-operator--c1e2a2c3-c2d0-4551-9969-2d39cb6f3053",
      "spec_version": "2.1",
      "created": "2023-01-06T08:11:37.192Z",
      "modified": "2023-01-06T08:11:37.192Z",
      "extensions": {
        "extension-definition--fb9c968a-745b-4ade-9b25-c324172197f4": {
          "extension_type": "new-sdo"
        }
      },
      "operator": "AND",
      "effect_refs": [
        "attack-action--23fade7d-fc7b-42d6-b962-fd13f8d67e88"
      ]
    },
    {
      "type": "attack-action",
      "id": "attack-action--23fade7d-fc7b-42d6-b962-fd13f8d67e88",
      "spec_version": "2.1",
      "created": "2023-01-06T08:11:37.192Z",
      "modified": "2023-01-06T08:11:37.192Z",
      "extensions": {
        "extension-definition--fb9c968a-745b-4ade-9b25-c324172197f4": {
          "extension_type": "new-sdo"
        }
      },
      "name": "Exfiltration Over Alternative Protocol: Exfiltration Over Asymmetric Encrypted Non-C2 Protocol",
      "technique_id": "T1048.002",
      "description": "Exfiltration over standard encrypted web protocols to disguise the exchanges as normal network traffic",
      "confidence": 100,
      "effect_refs": [
        "attack-action--e0206671-984d-49d1-bd1a-12e10966395f"
      ]
    },
    {
      "type": "attack-action",
      "id": "attack-action--e0206671-984d-49d1-bd1a-12e10966395f",
      "spec_version": "2.1",
      "created": "2023-01-06T08:11:37.192Z",
      "modified": "2023-01-06T08:11:37.192Z",
      "extensions": {
        "extension-definition--fb9c968a-745b-4ade-9b25-c324172197f4": {
          "extension_type": "new-sdo"
        }
      },
      "name": "Proxy: Multi-hop Proxy",
      "technique_id": "T1090.003",
      "description": "attackers used multi-hop proxies in approximately thirty-four servers located in nearly twenty countries",
      "confidence": 100,
      "effect_refs": [
        "attack-action--61cfb4a1-6468-4095-bd42-c9e0476a9e00",
        "attack-action--f4e8ee77-2e14-450d-92d4-d7a1b6595c16"
      ]
    },
    {
      "type": "infrastructure",
      "id": "infrastructure--66dbb482-b762-4299-a995-6e0ae0c48d42",
      "spec_version": "2.1",
      "created": "2023-01-06T08:11:37.192Z",
      "modified": "2023-01-06T08:11:37.192Z",
      "name": "Proxies",
      "description": "Adversary used multi-hop proxies",
      "infrastructure_types": [
        "Anonymization"
      ]
    },
    {
      "type": "infrastructure",
      "id": "infrastructure--82e17e5c-bd8a-493a-a209-8d6b2ab86e50",
      "spec_version": "2.1",
      "created": "2023-01-06T08:11:37.192Z",
      "modified": "2023-01-06T08:11:37.192Z",
      "name": "Servers",
      "description": "Adversary used 34 servers located in nearly 20 countries to host multi-hop proxies for obfuscation",
      "infrastructure_types": [
        "anonymization"
      ]
    },
    {
      "type": "attack-action",
      "id": "attack-action--f4e8ee77-2e14-450d-92d4-d7a1b6595c16",
      "spec_version": "2.1",
      "created": "2023-01-06T08:11:37.192Z",
      "modified": "2023-01-06T08:11:37.192Z",
      "extensions": {
        "extension-definition--fb9c968a-745b-4ade-9b25-c324172197f4": {
          "extension_type": "new-sdo"
        }
      },
      "name": "Indicator Removal on Host: File Deletion",
      "technique_id": "T1070.004",
      "description": "deleted the compressed files after exfiltrating the sensitive data",
      "confidence": 100
    },
    {
      "type": "attack-action",
      "id": "attack-action--61cfb4a1-6468-4095-bd42-c9e0476a9e00",
      "spec_version": "2.1",
      "created": "2023-01-06T08:11:37.192Z",
      "modified": "2023-01-06T08:11:37.192Z",
      "extensions": {
        "extension-definition--fb9c968a-745b-4ade-9b25-c324172197f4": {
          "extension_type": "new-sdo"
        }
      },
      "name": " Indicator Removal on Host: Clear Windows Event Logs",
      "technique_id": "T1070.001",
      "description": "wiped log files on a daily basis in an effort to eliminate records of activity",
      "confidence": 100
    },
    {
      "type": "vulnerability",
      "id": "vulnerability--dee9a6ef-eba8-457b-bf88-2ed1ead2dbbd",
      "spec_version": "2.1",
      "created": "2023-01-06T08:11:37.193Z",
      "modified": "2023-01-06T08:11:37.193Z",
      "name": "Apache Struts"
    },
    {
      "type": "vulnerability",
      "id": "vulnerability--236a6a2c-e12c-4ed9-983b-602b7af3bc2a",
      "spec_version": "2.1",
      "created": "2023-01-06T08:11:37.193Z",
      "modified": "2023-01-06T08:11:37.193Z",
      "name": "Apache Struts Web Framework"
    },
    {
      "type": "malware",
      "id": "malware--49e4d378-bc15-4ab9-bb3f-b05e3b896bb0",
      "spec_version": "2.1",
      "created": "2023-01-06T08:11:37.193Z",
      "modified": "2023-01-06T08:11:37.193Z",
      "name": "Web Shell",
      "malware_types": [
        "webshell"
      ],
      "is_family": false,
      "capabilities": [
        "communicates-with-c2",
        "exfiltrates-data"
      ]
    },
    {
      "type": "relationship",
      "id": "relationship--061d220c-5ead-4c25-b4f6-266328ebb9c3",
      "spec_version": "2.1",
      "created": "2023-01-06T08:11:37.195Z",
      "modified": "2023-01-06T08:11:37.195Z",
      "relationship_type": "related-to",
      "source_ref": "threat-actor--d3193187-95c8-428c-9de5-0e2049a778e8",
      "target_ref": "attack-action--6f347c34-9d8a-48f1-889e-23752c87197b"
    },
    {
      "type": "relationship",
      "id": "relationship--32f6ae4e-d8e8-4454-a53d-b39b02f81e0c",
      "spec_version": "2.1",
      "created": "2023-01-06T08:11:37.195Z",
      "modified": "2023-01-06T08:11:37.195Z",
      "relationship_type": "related-to",
      "source_ref": "threat-actor--ed3f9e1b-1c65-4d72-9bb3-01e0ec01b094",
      "target_ref": "attack-action--6f347c34-9d8a-48f1-889e-23752c87197b"
    },
    {
      "type": "relationship",
      "id": "relationship--2be22b4f-719a-408a-8522-737df62075c7",
      "spec_version": "2.1",
      "created": "2023-01-06T08:11:37.195Z",
      "modified": "2023-01-06T08:11:37.195Z",
      "relationship_type": "related-to",
      "source_ref": "threat-actor--52e873ba-3b38-46d4-ac6f-fa5d4875d049",
      "target_ref": "attack-action--6f347c34-9d8a-48f1-889e-23752c87197b"
    },
    {
      "type": "relationship",
      "id": "relationship--d358abfe-1e85-4c66-b925-969439b13b9d",
      "spec_version": "2.1",
      "created": "2023-01-06T08:11:37.195Z",
      "modified": "2023-01-06T08:11:37.195Z",
      "relationship_type": "related-to",
      "source_ref": "threat-actor--60ee3b8c-c6f9-4ac5-ab95-7d7e5a592638",
      "target_ref": "attack-action--6f347c34-9d8a-48f1-889e-23752c87197b"
    },
    {
      "type": "relationship",
      "id": "relationship--1dc13616-73bc-4394-b1bc-0c3a2b9d88df",
      "spec_version": "2.1",
      "created": "2023-01-06T08:11:37.195Z",
      "modified": "2023-01-06T08:11:37.195Z",
      "relationship_type": "related-to",
      "source_ref": "attack-action--6f347c34-9d8a-48f1-889e-23752c87197b",
      "target_ref": "vulnerability--dee9a6ef-eba8-457b-bf88-2ed1ead2dbbd"
    },
    {
      "type": "relationship",
      "id": "relationship--02442353-4717-4ea3-a1e9-e346c3037130",
      "spec_version": "2.1",
      "created": "2023-01-06T08:11:37.195Z",
      "modified": "2023-01-06T08:11:37.195Z",
      "relationship_type": "related-to",
      "source_ref": "attack-action--ed1d3b65-7d96-4fb0-88c4-c2cd30623b03",
      "target_ref": "vulnerability--236a6a2c-e12c-4ed9-983b-602b7af3bc2a"
    },
    {
      "type": "relationship",
      "id": "relationship--a08ec22c-8cf1-4549-bc37-4fcc95468614",
      "spec_version": "2.1",
      "created": "2023-01-06T08:11:37.195Z",
      "modified": "2023-01-06T08:11:37.195Z",
      "relationship_type": "related-to",
      "source_ref": "attack-action--21be9f13-3c4b-4c97-b532-326568e19550",
      "target_ref": "malware--49e4d378-bc15-4ab9-bb3f-b05e3b896bb0"
    },
    {
      "type": "relationship",
      "id": "relationship--8970f4b2-2fa9-48be-91d2-cee4111967c8",
      "spec_version": "2.1",
      "created": "2023-01-06T08:11:37.195Z",
      "modified": "2023-01-06T08:11:37.195Z",
      "relationship_type": "related-to",
      "source_ref": "attack-action--e0206671-984d-49d1-bd1a-12e10966395f",
      "target_ref": "infrastructure--82e17e5c-bd8a-493a-a209-8d6b2ab86e50"
    },
    {
      "type": "relationship",
      "id": "relationship--0c1b7ace-ebe0-49f9-9fdb-80775cd5b282",
      "spec_version": "2.1",
      "created": "2023-01-06T08:11:37.195Z",
      "modified": "2023-01-06T08:11:37.195Z",
      "relationship_type": "related-to",
      "source_ref": "attack-action--e0206671-984d-49d1-bd1a-12e10966395f",
      "target_ref": "infrastructure--66dbb482-b762-4299-a995-6e0ae0c48d42"
    }
  ]
}