{
  "type": "bundle",
  "id": "bundle--55ff332c-3b6c-403b-94b6-ddb1f646ff34",
  "spec_version": "2.1",
  "created": "2023-01-06T08:13:06.444Z",
  "modified": "2023-01-06T08:13:06.444Z",
  "objects": [
    {
      "type": "extension-definition",
      "id": "extension-definition--fb9c968a-745b-4ade-9b25-c324172197f4",
      "spec_version": "2.1",
      "created": "2022-08-02T19:34:35.143Z",
      "modified": "2022-08-02T19:34:35.143Z",
      "name": "Attack Flow",
      "description": "Extends STIX 2.1 with features to create Attack Flows.",
      "created_by_ref": "identity--fb9c968a-745b-4ade-9b25-c324172197f4",
      "schema": "https://center-for-threat-informed-defense.github.io/attack-flow/stix/attack-flow-schema-2.0.0.json",
      "version": "2.0.0",
      "extension_types": [
        "new-sdo"
      ],
      "external_references": [
        {
          "source_name": "Documentation",
          "description": "Documentation for Attack Flow",
          "url": "https://center-for-threat-informed-defense.github.io/attack-flow"
        },
        {
          "source_name": "GitHub",
          "description": "Source code repository for Attack Flow",
          "url": "https://github.com/center-for-threat-informed-defense/attack-flow"
        }
      ]
    },
    {
      "type": "identity",
      "id": "identity--fb9c968a-745b-4ade-9b25-c324172197f4",
      "spec_version": "2.1",
      "created": "2022-08-02T19:34:35.143Z",
      "modified": "2022-08-02T19:34:35.143Z",
      "create_by_ref": "identity--fb9c968a-745b-4ade-9b25-c324172197f4",
      "name": "MITRE Engenuity Center for Threat-Informed Defense",
      "identity_class": "organization"
    },
    {
      "type": "attack-flow",
      "id": "attack-flow--b6db3de7-0af4-406a-99ed-6837ec1620b4",
      "spec_version": "2.1",
      "created": "2022-10-27T02:44:54.520Z",
      "modified": "2023-01-06T08:13:06.445Z",
      "extensions": {
        "extension-definition--fb9c968a-745b-4ade-9b25-c324172197f4": {
          "extension_type": "new-sdo"
        }
      },
      "created_by_ref": "identity--e6d15b42-580f-4b29-9eed-fface2de9075",
      "start_refs": [
        "attack-action--06617ed8-35b6-42e2-9f14-99e97f57b78f"
      ],
      "name": "FIN13 Case 1 (fixed)",
      "description": "Attack by FIN13 against a Latin American bank",
      "author": [
        [
          "name",
          "Mia Sanchez"
        ],
        [
          "identity_class",
          null
        ],
        [
          "contact_information",
          "msanschez@mitre.org"
        ]
      ],
      "scope": "campaign",
      "external_references": [
        {
          "source_name": "Mandiant",
          "description": "Blog",
          "url": "https://www.mandiant.com/resources/blog/fin13-cybercriminal-mexico"
        },
        {
          "source_name": "Sygnia",
          "description": "Report",
          "url": "https://f.hubspotusercontent30.net/hubfs/8776530/Sygnia-%20Elephant%20Beetle_Jan2022.pdf"
        },
        {
          "source_name": "Netwitness",
          "description": "Report",
          "url": "https://www.netwitness.com/wp-content/uploads/FIN13-Elephant-Beetle-NetWitness.pdf"
        }
      ]
    },
    {
      "type": "identity",
      "id": "identity--e6d15b42-580f-4b29-9eed-fface2de9075",
      "spec_version": "2.1",
      "created": "2023-01-06T08:13:06.445Z",
      "modified": "2023-01-06T08:13:06.445Z",
      "name": "Mia Sanchez",
      "contact_information": "msanschez@mitre.org"
    },
    {
      "type": "attack-action",
      "id": "attack-action--06617ed8-35b6-42e2-9f14-99e97f57b78f",
      "spec_version": "2.1",
      "created": "2023-01-06T08:13:06.445Z",
      "modified": "2023-01-06T08:13:06.445Z",
      "extensions": {
        "extension-definition--fb9c968a-745b-4ade-9b25-c324172197f4": {
          "extension_type": "new-sdo"
        }
      },
      "name": "Active Scanning: Vulnerability Scanning",
      "technique_id": "T1595.002",
      "description": "The attacker scanned the perimeter of the victim looking for vulnerable webservices.",
      "confidence": 100,
      "effect_refs": [
        "attack-action--05411f8d-39a0-45a2-824f-230d9c9b2fd5"
      ]
    },
    {
      "type": "attack-action",
      "id": "attack-action--1f6da219-83ad-4f6a-ba67-5b5e873abb9f",
      "spec_version": "2.1",
      "created": "2023-01-06T08:13:06.445Z",
      "modified": "2023-01-06T08:13:06.445Z",
      "extensions": {
        "extension-definition--fb9c968a-745b-4ade-9b25-c324172197f4": {
          "extension_type": "new-sdo"
        }
      },
      "name": "Exploit Public-Facing Application",
      "technique_id": "T1190",
      "description": "Exploited a vulnerability in the Oracle WebLogic server, and passed malicious content via POST requests to a web page called AsyncResponseServiceHttps, and executed commands",
      "confidence": 100,
      "effect_refs": [
        "attack-action--0b518f13-5622-4f1f-8f5c-a8a7ddb069aa"
      ]
    },
    {
      "type": "attack-action",
      "id": "attack-action--05411f8d-39a0-45a2-824f-230d9c9b2fd5",
      "spec_version": "2.1",
      "created": "2023-01-06T08:13:06.445Z",
      "modified": "2023-01-06T08:13:06.445Z",
      "extensions": {
        "extension-definition--fb9c968a-745b-4ade-9b25-c324172197f4": {
          "extension_type": "new-sdo"
        }
      },
      "name": "Active Scanning",
      "technique_id": "T1595",
      "description": "Scanned the targeted web server again.",
      "confidence": 100,
      "effect_refs": [
        "attack-condition--18044ef4-83a8-4573-ac79-0ad9a69a4223"
      ],
      "asset_refs": [
        "attack-asset--34ad99a8-0996-41d7-990a-dbeb89b00ce8"
      ]
    },
    {
      "type": "infrastructure",
      "id": "infrastructure--1a978a53-c344-4708-99b9-9b88c4191742",
      "spec_version": "2.1",
      "created": "2023-01-06T08:13:06.445Z",
      "modified": "2023-01-06T08:13:06.445Z",
      "name": "IP Address",
      "description": "The attacker used IP address 185.193.126.22 to scan the perimeter network and later again to scan the target web server. ",
      "infrastructure_types": [
        "Reconnaissance"
      ],
      "first_seen": "2021-03-01T00:00:00.000Z"
    },
    {
      "type": "tool",
      "id": "tool--45116e1c-100f-4a86-867a-e1de47ce6466",
      "spec_version": "2.1",
      "created": "2023-01-06T08:13:06.445Z",
      "modified": "2023-01-06T08:13:06.445Z",
      "name": "Nmap",
      "tool_types": [
        "Information-gathering"
      ]
    },
    {
      "type": "infrastructure",
      "id": "infrastructure--043ad1c0-09f8-4b5d-91cd-cdee9f54c754",
      "spec_version": "2.1",
      "created": "2023-01-06T08:13:06.445Z",
      "modified": "2023-01-06T08:13:06.445Z",
      "name": "IP Address",
      "description": "187.177.170.111",
      "infrastructure_types": [
        "Command-and-control"
      ],
      "first_seen": "2021-06-01T00:00:00.000Z"
    },
    {
      "type": "attack-action",
      "id": "attack-action--0b518f13-5622-4f1f-8f5c-a8a7ddb069aa",
      "spec_version": "2.1",
      "created": "2023-01-06T08:13:06.445Z",
      "modified": "2023-01-06T08:13:06.445Z",
      "extensions": {
        "extension-definition--fb9c968a-745b-4ade-9b25-c324172197f4": {
          "extension_type": "new-sdo"
        }
      },
      "name": "Server Software Component: Web Shell",
      "technique_id": "T1505.003",
      "description": "Uploaded and accessed a webshell ",
      "confidence": 100,
      "effect_refs": [
        "attack-action--338654f7-6429-4f19-9cab-23970b2db208"
      ]
    },
    {
      "type": "vulnerability",
      "id": "vulnerability--cdab8da6-ae5e-4137-93da-893c2c172e0b",
      "spec_version": "2.1",
      "created": "2023-01-06T08:13:06.445Z",
      "modified": "2023-01-06T08:13:06.445Z",
      "name": "CVE-2019-2729",
      "description": "Oracle WebLogic Server Deserialization RCE (aka object injection vulnerability) - user-controllable data is deserialized by a website, allowing an attacker to pass harmful data into an application. This vulnerability is exploitable without authentication."
    },
    {
      "type": "attack-action",
      "id": "attack-action--338654f7-6429-4f19-9cab-23970b2db208",
      "spec_version": "2.1",
      "created": "2023-01-06T08:13:06.445Z",
      "modified": "2023-01-06T08:13:06.445Z",
      "extensions": {
        "extension-definition--fb9c968a-745b-4ade-9b25-c324172197f4": {
          "extension_type": "new-sdo"
        }
      },
      "name": "Network Service Discovery",
      "technique_id": "T1046",
      "description": " Attempted to recon the DMZ segment where the infected webserver was operating. ",
      "confidence": 100,
      "effect_refs": [
        "attack-condition--c3595f21-9aa4-4c6a-a687-f8916d96bffb"
      ],
      "asset_refs": [
        "attack-asset--02593d98-1411-48ce-924f-a433dc0063da"
      ]
    },
    {
      "type": "attack-action",
      "id": "attack-action--aac1df04-b869-4d4c-8a6a-4c8c46bf46dd",
      "spec_version": "2.1",
      "created": "2023-01-06T08:13:06.445Z",
      "modified": "2023-01-06T08:13:06.445Z",
      "extensions": {
        "extension-definition--fb9c968a-745b-4ade-9b25-c324172197f4": {
          "extension_type": "new-sdo"
        }
      },
      "name": "Ingress Tool Transfer",
      "technique_id": "T1105",
      "description": "Uploaded a zip archive of tools for various OS via the webshell onto the compromised web server",
      "effect_refs": [
        "attack-action--3ce4085a-e7a6-4863-beda-a392501e3126"
      ]
    },
    {
      "type": "tool",
      "id": "tool--fd2a795d-3027-47d5-b187-f50567280d2c",
      "spec_version": "2.1",
      "created": "2023-01-06T08:13:06.445Z",
      "modified": "2023-01-06T08:13:06.445Z",
      "name": "Zip File of Tools",
      "description": "The zip archive contained: BlueAgave (PowerShell HTTP Bind Shell), a Perl version of BlueAgave, PHP webshell, Java Database browser, PortHole (Java Scanner), RawCap (Java packet capture tool), SpinOff SQL Browser, Latchkey (Powersploit script to dump the lsass.exe process)",
      "tool_types": [
        "network-capture",
        "exploitation",
        "remote-access",
        "credential-exploitation"
      ]
    },
    {
      "type": "attack-action",
      "id": "attack-action--3ce4085a-e7a6-4863-beda-a392501e3126",
      "spec_version": "2.1",
      "created": "2023-01-06T08:13:06.445Z",
      "modified": "2023-01-06T08:13:06.445Z",
      "extensions": {
        "extension-definition--fb9c968a-745b-4ade-9b25-c324172197f4": {
          "extension_type": "new-sdo"
        }
      },
      "name": "Defense Evasion",
      "tactic_id": "TA0005",
      "description": "To avoid detection, the attacker halted activity for about a week",
      "confidence": 100,
      "effect_refs": [
        "attack-condition--e3caaa44-e11d-46ab-b8c4-b91a6600bae0"
      ]
    },
    {
      "type": "attack-action",
      "id": "attack-action--8054a193-34be-4318-89c8-7967252f0e0f",
      "spec_version": "2.1",
      "created": "2023-01-06T08:13:06.445Z",
      "modified": "2023-01-06T08:13:06.445Z",
      "extensions": {
        "extension-definition--fb9c968a-745b-4ade-9b25-c324172197f4": {
          "extension_type": "new-sdo"
        }
      },
      "name": "Lateral Movement",
      "tactic_id": "TA008",
      "description": "Attacker used a common credential with the Zabbix server to move laterally. ",
      "confidence": 100,
      "effect_refs": [
        "attack-action--f57144a5-23e3-4141-a14f-0054f1f3baa2"
      ],
      "asset_refs": [
        "attack-asset--7fab7a0b-2edc-4d28-88f8-fdb8a88d3edb"
      ]
    },
    {
      "type": "attack-action",
      "id": "attack-action--f57144a5-23e3-4141-a14f-0054f1f3baa2",
      "spec_version": "2.1",
      "created": "2023-01-06T08:13:06.445Z",
      "modified": "2023-01-06T08:13:06.445Z",
      "extensions": {
        "extension-definition--fb9c968a-745b-4ade-9b25-c324172197f4": {
          "extension_type": "new-sdo"
        }
      },
      "name": "Server Software Component: Web shell",
      "technique_id": "T1505.003",
      "description": " Implanted a WSO PHP webshell on the Zabbix server.",
      "confidence": 100,
      "effect_refs": [
        "attack-action--2d834b49-b19d-447b-bd77-03a5d0cd76ba",
        "attack-action--2f73644e-77f1-41af-9f14-0a501043c05c",
        "attack-condition--d91bbf42-1a99-4b12-89fd-8f57a0ebbbb2",
        "attack-action--42cb83aa-7377-443a-b387-49ce9c6ef2da",
        "attack-action--93abb92f-ecd8-4308-9f4e-84d84f7002c7"
      ]
    },
    {
      "type": "attack-action",
      "id": "attack-action--1972489e-527b-42d1-946b-1712ca9d88d7",
      "spec_version": "2.1",
      "created": "2023-01-06T08:13:06.445Z",
      "modified": "2023-01-06T08:13:06.445Z",
      "extensions": {
        "extension-definition--fb9c968a-745b-4ade-9b25-c324172197f4": {
          "extension_type": "new-sdo"
        }
      },
      "name": "Server Software Component: Webshell",
      "technique_id": "T1505.003",
      "description": "Attacker dropped a BlueAgave Perl webshell, configured on port 65510",
      "confidence": 100,
      "effect_refs": [
        "attack-operator--7fb8210d-6eb7-4dcd-a252-5da5db1edf2e"
      ]
    },
    {
      "type": "attack-action",
      "id": "attack-action--42cb83aa-7377-443a-b387-49ce9c6ef2da",
      "spec_version": "2.1",
      "created": "2023-01-06T08:13:06.445Z",
      "modified": "2023-01-06T08:13:06.445Z",
      "extensions": {
        "extension-definition--fb9c968a-745b-4ade-9b25-c324172197f4": {
          "extension_type": "new-sdo"
        }
      },
      "name": "File and Directory Permissions Modification",
      "technique_id": "T1222",
      "description": "Viewed folders and modified permissions to the \"/srv/www/htdocs/gif\" folder. ",
      "confidence": 100,
      "effect_refs": [
        "attack-operator--7fb8210d-6eb7-4dcd-a252-5da5db1edf2e"
      ]
    },
    {
      "type": "attack-action",
      "id": "attack-action--2f73644e-77f1-41af-9f14-0a501043c05c",
      "spec_version": "2.1",
      "created": "2023-01-06T08:13:06.445Z",
      "modified": "2023-01-06T08:13:06.445Z",
      "extensions": {
        "extension-definition--fb9c968a-745b-4ade-9b25-c324172197f4": {
          "extension_type": "new-sdo"
        }
      },
      "name": "System Owner/User Discovery",
      "technique_id": "T1033",
      "description": " Enumerated the environment by  running \"whoami.\" ",
      "confidence": 100,
      "effect_refs": [
        "attack-operator--7fb8210d-6eb7-4dcd-a252-5da5db1edf2e"
      ],
      "command_ref": "process--2fd98894-7d8b-4b65-afaa-c8ddeb8dbe4f"
    },
    {
      "type": "attack-action",
      "id": "attack-action--2d834b49-b19d-447b-bd77-03a5d0cd76ba",
      "spec_version": "2.1",
      "created": "2023-01-06T08:13:06.445Z",
      "modified": "2023-01-06T08:13:06.445Z",
      "extensions": {
        "extension-definition--fb9c968a-745b-4ade-9b25-c324172197f4": {
          "extension_type": "new-sdo"
        }
      },
      "name": "Credentials from Password Stores",
      "technique_id": "T1555",
      "description": "Viewed the \"/etc/shadow\" file on the Zabbix server. ",
      "confidence": 100,
      "effect_refs": [
        "attack-operator--7fb8210d-6eb7-4dcd-a252-5da5db1edf2e"
      ]
    },
    {
      "type": "attack-action",
      "id": "attack-action--8ae9cc92-e769-44d4-a4c0-00081223f860",
      "spec_version": "2.1",
      "created": "2023-01-06T08:13:06.445Z",
      "modified": "2023-01-06T08:13:06.445Z",
      "extensions": {
        "extension-definition--fb9c968a-745b-4ade-9b25-c324172197f4": {
          "extension_type": "new-sdo"
        }
      },
      "name": " Active Scanning: Scanning IP Blocks",
      "technique_id": "T1595.001",
      "description": "Attacker launched massive ping sweeps against private subnets. ",
      "confidence": 100,
      "effect_refs": [
        "attack-condition--c23ddfc1-2cfb-41e0-901a-e33c1208977c"
      ]
    },
    {
      "type": "attack-condition",
      "id": "attack-condition--c23ddfc1-2cfb-41e0-901a-e33c1208977c",
      "spec_version": "2.1",
      "created": "2023-01-06T08:13:06.445Z",
      "modified": "2023-01-06T08:13:06.445Z",
      "extensions": {
        "extension-definition--fb9c968a-745b-4ade-9b25-c324172197f4": {
          "extension_type": "new-sdo"
        }
      },
      "description": "Machine responds to the ping sweep ",
      "on_true_refs": [
        "attack-action--273407ed-343c-4dce-849e-68a96326f8fb"
      ]
    },
    {
      "type": "attack-action",
      "id": "attack-action--273407ed-343c-4dce-849e-68a96326f8fb",
      "spec_version": "2.1",
      "created": "2023-01-06T08:13:06.445Z",
      "modified": "2023-01-06T08:13:06.445Z",
      "extensions": {
        "extension-definition--fb9c968a-745b-4ade-9b25-c324172197f4": {
          "extension_type": "new-sdo"
        }
      },
      "name": " Lateral Tool Transfer",
      "technique_id": "T1570",
      "description": " PortHole used to verify the first 10,000 TCP ports of any machine that responded to the ping sweep",
      "confidence": 100,
      "effect_refs": [
        "attack-condition--d8b37caa-b051-4229-a859-139d7ee3000e"
      ]
    },
    {
      "type": "attack-condition",
      "id": "attack-condition--d8b37caa-b051-4229-a859-139d7ee3000e",
      "spec_version": "2.1",
      "created": "2023-01-06T08:13:06.445Z",
      "modified": "2023-01-06T08:13:06.445Z",
      "extensions": {
        "extension-definition--fb9c968a-745b-4ade-9b25-c324172197f4": {
          "extension_type": "new-sdo"
        }
      },
      "description": " Identified Domain Controller through scan of the Backend DMZ Lan and waited 1 week to attack the AD server",
      "on_true_refs": [
        "attack-action--e1ce720a-a99e-4714-ae35-b9f259c515a4"
      ]
    },
    {
      "type": "attack-action",
      "id": "attack-action--e1ce720a-a99e-4714-ae35-b9f259c515a4",
      "spec_version": "2.1",
      "created": "2023-01-06T08:13:06.445Z",
      "modified": "2023-01-06T08:13:06.445Z",
      "extensions": {
        "extension-definition--fb9c968a-745b-4ade-9b25-c324172197f4": {
          "extension_type": "new-sdo"
        }
      },
      "name": "Lateral Tool Transfer",
      "technique_id": "T1570",
      "description": "Transferred additional tools to the Zabbix from the WebLogic Server",
      "confidence": 100,
      "effect_refs": [
        "attack-action--bcd31619-522d-40c4-a0f0-ecff1fc40188"
      ]
    },
    {
      "type": "tool",
      "id": "tool--0caac53e-77c9-4276-a271-0b7e06588718",
      "spec_version": "2.1",
      "created": "2023-01-06T08:13:06.445Z",
      "modified": "2023-01-06T08:13:06.445Z",
      "name": "Transferred Tools",
      "description": "Malicious tools found in Zabbix server: 65.txt (perl webshell), chart10.php (webshell), p.txt (Java port scanner), pr64.zip (procdump64), bi.txt (perl bind shell), s0b.j (Jar that queries db), str-isis.txt (jdbc connection/credential info), jtds-1.2.1.jar (likely jdbc deriver), and str-bio.txt (jdbc connection/credential info)",
      "tool_types": [
        "remote-access",
        "information-gathering",
        "exploitation",
        "credential-exploitation"
      ]
    },
    {
      "type": "attack-action",
      "id": "attack-action--bcd31619-522d-40c4-a0f0-ecff1fc40188",
      "spec_version": "2.1",
      "created": "2023-01-06T08:13:06.446Z",
      "modified": "2023-01-06T08:13:06.446Z",
      "extensions": {
        "extension-definition--fb9c968a-745b-4ade-9b25-c324172197f4": {
          "extension_type": "new-sdo"
        }
      },
      "name": "Exploitation of Remote Services",
      "technique_id": "T1210",
      "description": "Attacker moved laterally from the Zabbix server to the Oracle Identity Manager server (in the DMZ)",
      "confidence": 100,
      "asset_refs": [
        "attack-asset--2ed8001b-8b48-4b91-a302-0cef62b0aba2"
      ],
      "effect_refs": [
        "attack-action--516a162a-e8c3-437e-bcf8-f5045840a9c9"
      ]
    },
    {
      "type": "attack-action",
      "id": "attack-action--516a162a-e8c3-437e-bcf8-f5045840a9c9",
      "spec_version": "2.1",
      "created": "2023-01-06T08:13:06.446Z",
      "modified": "2023-01-06T08:13:06.446Z",
      "extensions": {
        "extension-definition--fb9c968a-745b-4ade-9b25-c324172197f4": {
          "extension_type": "new-sdo"
        }
      },
      "name": "OS Credential Dumping",
      "technique_id": "T1003",
      "description": "Attacker dumped the sysadmin account related to the IAM service",
      "confidence": 100,
      "effect_refs": [
        "attack-action--144109da-1040-4cba-ae66-ff8a2832dd75"
      ]
    },
    {
      "type": "attack-action",
      "id": "attack-action--94b2422d-0950-424f-9350-a12d3d732922",
      "spec_version": "2.1",
      "created": "2023-01-06T08:13:06.446Z",
      "modified": "2023-01-06T08:13:06.446Z",
      "extensions": {
        "extension-definition--fb9c968a-745b-4ade-9b25-c324172197f4": {
          "extension_type": "new-sdo"
        }
      },
      "name": "Network Sniffing",
      "technique_id": "T1040",
      "description": "Sniffed credentials passed by the IAM service to the DMZ servers. ",
      "confidence": 100,
      "effect_refs": [
        "attack-action--3aa3633a-0dce-4f87-8b81-a1c810797686"
      ]
    },
    {
      "type": "tool",
      "id": "tool--f0fa3bab-b1d6-49b4-9c9f-ae8d132a54bb",
      "spec_version": "2.1",
      "created": "2023-01-06T08:13:06.446Z",
      "modified": "2023-01-06T08:13:06.446Z",
      "name": "RawCap",
      "description": "The attacker installed the Java capture tool RawCap to sniff credentials.",
      "tool_types": [
        "credential-exploitation"
      ]
    },
    {
      "type": "attack-condition",
      "id": "attack-condition--28a5ad6a-c051-4d29-9ee3-9fd7637e3945",
      "spec_version": "2.1",
      "created": "2023-01-06T08:13:06.446Z",
      "modified": "2023-01-06T08:13:06.446Z",
      "extensions": {
        "extension-definition--fb9c968a-745b-4ade-9b25-c324172197f4": {
          "extension_type": "new-sdo"
        }
      },
      "description": "Attacker intercepted additional domain and local passwords.",
      "on_true_refs": [
        "attack-action--dee25372-7209-4583-ba05-890ef94a1b74"
      ]
    },
    {
      "type": "attack-action",
      "id": "attack-action--dee25372-7209-4583-ba05-890ef94a1b74",
      "spec_version": "2.1",
      "created": "2023-01-06T08:13:06.446Z",
      "modified": "2023-01-06T08:13:06.446Z",
      "extensions": {
        "extension-definition--fb9c968a-745b-4ade-9b25-c324172197f4": {
          "extension_type": "new-sdo"
        }
      },
      "name": "Lateral Movement",
      "tactic_id": "TA0008",
      "description": "Moved laterally to the Backweb server",
      "confidence": 100,
      "asset_refs": [
        "attack-asset--e18f253a-e3aa-4f98-958e-53be3bb33ef3"
      ],
      "effect_refs": [
        "attack-condition--f5518d77-b508-4543-a606-17d6d976cc2d"
      ]
    },
    {
      "type": "attack-action",
      "id": "attack-action--01813f00-c84d-4bd2-8276-736722e0e3f8",
      "spec_version": "2.1",
      "created": "2023-01-06T08:13:06.446Z",
      "modified": "2023-01-06T08:13:06.446Z",
      "extensions": {
        "extension-definition--fb9c968a-745b-4ade-9b25-c324172197f4": {
          "extension_type": "new-sdo"
        }
      },
      "name": "Steal or Forge Kerberos Tickets: Kerberoasting",
      "technique_id": "T1558.003",
      "description": "Attacker used Kerberoasting technique to collect the ticket from system memory and crack offline to obtain credentials. ",
      "confidence": 100,
      "effect_refs": [
        "attack-action--ae89eafb-e337-431f-af43-50f8d6897d0c"
      ]
    },
    {
      "type": "infrastructure",
      "id": "infrastructure--9df29fec-776c-4950-9ddd-871cd87b9052",
      "spec_version": "2.1",
      "created": "2023-01-06T08:13:06.446Z",
      "modified": "2023-01-06T08:13:06.446Z",
      "name": "IP Address",
      "description": "The attacker used external IP addresses to access Backweb server",
      "infrastructure_types": [
        "command-and-control"
      ]
    },
    {
      "type": "attack-action",
      "id": "attack-action--feef2c34-c57b-481c-9f1b-358c5cfb3ccf",
      "spec_version": "2.1",
      "created": "2023-01-06T08:13:06.446Z",
      "modified": "2023-01-06T08:13:06.446Z",
      "extensions": {
        "extension-definition--fb9c968a-745b-4ade-9b25-c324172197f4": {
          "extension_type": "new-sdo"
        }
      },
      "name": "Server Software Component: Webshell",
      "technique_id": "T1505.003",
      "description": "Decoded PowerShell payload results in a similar PowerShell HTTP Bindshell that listens on port 65512",
      "confidence": 100,
      "effect_refs": [
        "attack-action--0574f20a-0604-4681-9245-a53fc4491e52"
      ]
    },
    {
      "type": "attack-action",
      "id": "attack-action--ea65ce07-b01f-448c-ad0f-1e75f48fe802",
      "spec_version": "2.1",
      "created": "2023-01-06T08:13:06.446Z",
      "modified": "2023-01-06T08:13:06.446Z",
      "extensions": {
        "extension-definition--fb9c968a-745b-4ade-9b25-c324172197f4": {
          "extension_type": "new-sdo"
        }
      },
      "name": "Active Scanning: Scanning IP Blocks",
      "technique_id": "T1595.001",
      "description": "Scanned internal subnets looking for additional servers ",
      "confidence": 100,
      "effect_refs": [
        "attack-condition--0e98866c-8f21-4b2c-abdb-9e6bdb0d3dbe"
      ]
    },
    {
      "type": "attack-condition",
      "id": "attack-condition--0e98866c-8f21-4b2c-abdb-9e6bdb0d3dbe",
      "spec_version": "2.1",
      "created": "2023-01-06T08:13:06.446Z",
      "modified": "2023-01-06T08:13:06.446Z",
      "extensions": {
        "extension-definition--fb9c968a-745b-4ade-9b25-c324172197f4": {
          "extension_type": "new-sdo"
        }
      },
      "description": "Identified a cluster of RSA SecurID servers ",
      "on_true_refs": [
        "attack-action--9657b790-d5a8-4253-9932-b358f8d6c992"
      ]
    },
    {
      "type": "attack-action",
      "id": "attack-action--9657b790-d5a8-4253-9932-b358f8d6c992",
      "spec_version": "2.1",
      "created": "2023-01-06T08:13:06.446Z",
      "modified": "2023-01-06T08:13:06.446Z",
      "extensions": {
        "extension-definition--fb9c968a-745b-4ade-9b25-c324172197f4": {
          "extension_type": "new-sdo"
        }
      },
      "name": "Brute Force",
      "technique_id": "T1110",
      "description": "Attacker attempted to access the RSA servers by leveraging service accounts previously stolen through executing dictionary-based access attempts ",
      "confidence": 100,
      "effect_refs": [
        "attack-condition--4f01bf9f-4880-4568-964c-5daa5a20ce1a"
      ]
    },
    {
      "type": "attack-action",
      "id": "attack-action--14f1573e-dea1-49ff-94a0-65c662c0a9ac",
      "spec_version": "2.1",
      "created": "2023-01-06T08:13:06.446Z",
      "modified": "2023-01-06T08:13:06.446Z",
      "extensions": {
        "extension-definition--fb9c968a-745b-4ade-9b25-c324172197f4": {
          "extension_type": "new-sdo"
        }
      },
      "name": "Data from Local System",
      "technique_id": "T1533",
      "description": "The attackers dumped the database containing the SecurID token serials with the corresponding end-user accounts",
      "confidence": 100,
      "effect_refs": [
        "attack-action--d3cb375e-3c91-48aa-b3ec-1af4e3af0ec3"
      ]
    },
    {
      "type": "attack-action",
      "id": "attack-action--d8c00dfb-334f-44b5-9363-6c378ac48ce5",
      "spec_version": "2.1",
      "created": "2023-01-06T08:13:06.446Z",
      "modified": "2023-01-06T08:13:06.446Z",
      "extensions": {
        "extension-definition--fb9c968a-745b-4ade-9b25-c324172197f4": {
          "extension_type": "new-sdo"
        }
      },
      "name": "Multi-Factor Authentication Interception",
      "technique_id": "T1111",
      "description": "Attacker harvested token serials from the database and collected daily token transactions in clear text stored inside a service account folder, where the storage procedure was scripted",
      "confidence": 100,
      "effect_refs": [
        "attack-condition--eba88067-cabc-41e2-a8f8-7c0bd2436b3d"
      ],
      "asset_refs": [
        "attack-asset--5a4b12bb-619d-4913-929b-b879a8b1186b",
        "attack-asset--4e6f13fe-483c-4212-8a6a-27c0ee977b75",
        "attack-asset--927a6c6f-d696-4f56-9822-1b520d18ef70"
      ]
    },
    {
      "type": "attack-condition",
      "id": "attack-condition--eba88067-cabc-41e2-a8f8-7c0bd2436b3d",
      "spec_version": "2.1",
      "created": "2023-01-06T08:13:06.446Z",
      "modified": "2023-01-06T08:13:06.446Z",
      "extensions": {
        "extension-definition--fb9c968a-745b-4ade-9b25-c324172197f4": {
          "extension_type": "new-sdo"
        }
      },
      "description": " Attacker activated the token recovery procedure for bank users",
      "on_true_refs": [
        "attack-action--97790d66-c67b-416c-8072-a3942d5c0b44"
      ]
    },
    {
      "type": "attack-action",
      "id": "attack-action--97790d66-c67b-416c-8072-a3942d5c0b44",
      "spec_version": "2.1",
      "created": "2023-01-06T08:13:06.446Z",
      "modified": "2023-01-06T08:13:06.446Z",
      "extensions": {
        "extension-definition--fb9c968a-745b-4ade-9b25-c324172197f4": {
          "extension_type": "new-sdo"
        }
      },
      "name": "Valid Accounts",
      "technique_id": "T1078",
      "description": "Attacker logged into the bank users' accounts",
      "confidence": 100,
      "effect_refs": [
        "attack-action--96a46807-7785-414b-956c-0ae6a1cdb9a8"
      ]
    },
    {
      "type": "attack-action",
      "id": "attack-action--96a46807-7785-414b-956c-0ae6a1cdb9a8",
      "spec_version": "2.1",
      "created": "2023-01-06T08:13:06.446Z",
      "modified": "2023-01-06T08:13:06.446Z",
      "extensions": {
        "extension-definition--fb9c968a-745b-4ade-9b25-c324172197f4": {
          "extension_type": "new-sdo"
        }
      },
      "name": "Fraud",
      "description": "Attacker transferred money from the online banking system",
      "confidence": 100
    },
    {
      "type": "threat-actor",
      "id": "threat-actor--0fb5ffcd-5a32-4143-b96a-32be81723dbf",
      "spec_version": "2.1",
      "created": "2023-01-06T08:13:06.446Z",
      "modified": "2023-01-06T08:13:06.446Z",
      "name": "FIN13",
      "description": "FIN13 is a financially-motivated actor primarily focusing on Latin America with activity stretching back to early 2016. FIN13 has a history of highly localized targeting against the financial, retail, and hospitality industries.",
      "threat_actor_types": [
        "Crime-syndicate"
      ],
      "aliases": [
        "Elephant Beetle",
        "TG2003"
      ],
      "first_seen": "2016-01-01T00:00:00.000Z",
      "roles": [
        "Director"
      ],
      "goals": [
        "financially-motivated and targeting Latin American organizations in financial, retail, and hospitality industries"
      ],
      "sophistication": "Advanced",
      "resource_level": "Team",
      "primary_motivation": "organizational-gain"
    },
    {
      "type": "campaign",
      "id": "campaign--5733693b-c9aa-418e-ac09-312251d23259",
      "spec_version": "2.1",
      "created": "2023-01-06T08:13:06.446Z",
      "modified": "2023-01-06T08:13:06.446Z",
      "name": "FIN13 Case 1",
      "description": "This attack began in March 2021 and targeted a Latin American bank. After exploiting the system, the attackers committed fraud between Sept-Oct 2021, impacting hundreds of accounts and stealing a significant amount of money. ",
      "first_seen": "2021-03-01T00:00:00.000Z",
      "last_seen": "2021-10-01T00:00:00.000Z",
      "objective": "stealing money for financial gain"
    },
    {
      "type": "attack-asset",
      "id": "attack-asset--34ad99a8-0996-41d7-990a-dbeb89b00ce8",
      "spec_version": "2.1",
      "created": "2023-01-06T08:13:06.446Z",
      "modified": "2023-01-06T08:13:06.446Z",
      "extensions": {
        "extension-definition--fb9c968a-745b-4ade-9b25-c324172197f4": {
          "extension_type": "new-sdo"
        }
      },
      "name": "Oracle Web Server",
      "description": "Exposed server running a vulnerable version of WebLogic"
    },
    {
      "type": "attack-condition",
      "id": "attack-condition--18044ef4-83a8-4573-ac79-0ad9a69a4223",
      "spec_version": "2.1",
      "created": "2023-01-06T08:13:06.446Z",
      "modified": "2023-01-06T08:13:06.446Z",
      "extensions": {
        "extension-definition--fb9c968a-745b-4ade-9b25-c324172197f4": {
          "extension_type": "new-sdo"
        }
      },
      "description": "Discovered a vulnerable webserver - Oracle Weblogic",
      "on_true_refs": [
        "attack-action--1f6da219-83ad-4f6a-ba67-5b5e873abb9f"
      ]
    },
    {
      "type": "attack-condition",
      "id": "attack-condition--c3595f21-9aa4-4c6a-a687-f8916d96bffb",
      "spec_version": "2.1",
      "created": "2023-01-06T08:13:06.446Z",
      "modified": "2023-01-06T08:13:06.446Z",
      "extensions": {
        "extension-definition--fb9c968a-745b-4ade-9b25-c324172197f4": {
          "extension_type": "new-sdo"
        }
      },
      "description": "Discovered a DMZ monitoring server, Auth server, and DMZ DNS server",
      "on_true_refs": [
        "attack-action--aac1df04-b869-4d4c-8a6a-4c8c46bf46dd"
      ]
    },
    {
      "type": "infrastructure",
      "id": "infrastructure--4a29334f-9c07-44bc-99cc-10445ca03601",
      "spec_version": "2.1",
      "created": "2023-01-06T08:13:06.446Z",
      "modified": "2023-01-06T08:13:06.446Z",
      "name": "web server",
      "description": "infected web server is used to stage malicious executables for the attacker",
      "infrastructure_types": [
        "hosting-malware"
      ]
    },
    {
      "type": "attack-condition",
      "id": "attack-condition--e3caaa44-e11d-46ab-b8c4-b91a6600bae0",
      "spec_version": "2.1",
      "created": "2023-01-06T08:13:06.446Z",
      "modified": "2023-01-06T08:13:06.446Z",
      "extensions": {
        "extension-definition--fb9c968a-745b-4ade-9b25-c324172197f4": {
          "extension_type": "new-sdo"
        }
      },
      "description": "Attacker access the webshell again",
      "on_true_refs": [
        "attack-action--8054a193-34be-4318-89c8-7967252f0e0f"
      ]
    },
    {
      "type": "attack-asset",
      "id": "attack-asset--7fab7a0b-2edc-4d28-88f8-fdb8a88d3edb",
      "spec_version": "2.1",
      "created": "2023-01-06T08:13:06.446Z",
      "modified": "2023-01-06T08:13:06.446Z",
      "extensions": {
        "extension-definition--fb9c968a-745b-4ade-9b25-c324172197f4": {
          "extension_type": "new-sdo"
        }
      },
      "name": "Zabbix server",
      "description": "DMZ monitoring service"
    },
    {
      "type": "vulnerability",
      "id": "vulnerability--f9a8f240-ab61-4f10-b74c-1e83abb866f1",
      "spec_version": "2.1",
      "created": "2023-01-06T08:13:06.446Z",
      "modified": "2023-01-06T08:13:06.446Z",
      "name": "Firewall Misconfiguration",
      "description": "misconfigured firewall allowed the attacker to put the webshell accessible from the Internet by publishing it on a public IP belonging to the victim IPv4 public address space on port TCP/80"
    },
    {
      "type": "attack-action",
      "id": "attack-action--93abb92f-ecd8-4308-9f4e-84d84f7002c7",
      "spec_version": "2.1",
      "created": "2023-01-06T08:13:06.446Z",
      "modified": "2023-01-06T08:13:06.446Z",
      "extensions": {
        "extension-definition--fb9c968a-745b-4ade-9b25-c324172197f4": {
          "extension_type": "new-sdo"
        }
      },
      "name": "Indicator Removal on Host: Clear Linux or Mac System Logs",
      "technique_id": "T1070.002",
      "description": "Attackers viewed contents in the /var/log/apache2/ folder and removed entries of the access logs. Confidence: 70",
      "confidence": 100,
      "effect_refs": [
        "attack-operator--7fb8210d-6eb7-4dcd-a252-5da5db1edf2e"
      ]
    },
    {
      "type": "attack-condition",
      "id": "attack-condition--d91bbf42-1a99-4b12-89fd-8f57a0ebbbb2",
      "spec_version": "2.1",
      "created": "2023-01-06T08:13:06.446Z",
      "modified": "2023-01-06T08:13:06.446Z",
      "extensions": {
        "extension-definition--fb9c968a-745b-4ade-9b25-c324172197f4": {
          "extension_type": "new-sdo"
        }
      },
      "description": "Attacker checked for file 65510 in /dev/shm",
      "on_true_refs": [
        "attack-action--1972489e-527b-42d1-946b-1712ca9d88d7"
      ]
    },
    {
      "type": "attack-operator",
      "id": "attack-operator--7fb8210d-6eb7-4dcd-a252-5da5db1edf2e",
      "spec_version": "2.1",
      "created": "2023-01-06T08:13:06.446Z",
      "modified": "2023-01-06T08:13:06.446Z",
      "extensions": {
        "extension-definition--fb9c968a-745b-4ade-9b25-c324172197f4": {
          "extension_type": "new-sdo"
        }
      },
      "operator": "AND",
      "effect_refs": [
        "attack-action--8ae9cc92-e769-44d4-a4c0-00081223f860"
      ]
    },
    {
      "type": "tool",
      "id": "tool--ead45881-66db-4866-9fa9-f55192c86ef1",
      "spec_version": "2.1",
      "created": "2023-01-06T08:13:06.446Z",
      "modified": "2023-01-06T08:13:06.446Z",
      "name": "PortHole",
      "description": "Java-based port scanner",
      "tool_types": [
        "information-gathering"
      ]
    },
    {
      "type": "vulnerability",
      "id": "vulnerability--c17bc217-fc16-4916-b7f6-c57e711d1ffb",
      "spec_version": "2.1",
      "created": "2023-01-06T08:13:06.446Z",
      "modified": "2023-01-06T08:13:06.446Z",
      "name": "CWE-309",
      "description": "Use of Password System for Primary Authentication - the Zabbis root password was also the password for the Oracle Identity Manager server"
    },
    {
      "type": "attack-asset",
      "id": "attack-asset--2ed8001b-8b48-4b91-a302-0cef62b0aba2",
      "spec_version": "2.1",
      "created": "2023-01-06T08:13:06.446Z",
      "modified": "2023-01-06T08:13:06.446Z",
      "extensions": {
        "extension-definition--fb9c968a-745b-4ade-9b25-c324172197f4": {
          "extension_type": "new-sdo"
        }
      },
      "name": "Oracle Identity Manager server"
    },
    {
      "type": "attack-action",
      "id": "attack-action--144109da-1040-4cba-ae66-ff8a2832dd75",
      "spec_version": "2.1",
      "created": "2023-01-06T08:13:06.446Z",
      "modified": "2023-01-06T08:13:06.446Z",
      "extensions": {
        "extension-definition--fb9c968a-745b-4ade-9b25-c324172197f4": {
          "extension_type": "new-sdo"
        }
      },
      "name": "Remote Services: SSH",
      "technique_id": "T1021",
      "description": "Attacker used SSH to access the Oracle IAM server administrative UI",
      "confidence": 100,
      "effect_refs": [
        "attack-action--445159ff-e8fc-42e6-9c4f-6972b015da70"
      ],
      "asset_refs": [
        "attack-asset--bb5d56be-0823-4a76-999f-4b8a13cb49f4"
      ]
    },
    {
      "type": "attack-action",
      "id": "attack-action--445159ff-e8fc-42e6-9c4f-6972b015da70",
      "spec_version": "2.1",
      "created": "2023-01-06T08:13:06.446Z",
      "modified": "2023-01-06T08:13:06.446Z",
      "extensions": {
        "extension-definition--fb9c968a-745b-4ade-9b25-c324172197f4": {
          "extension_type": "new-sdo"
        }
      },
      "name": "Data from Local System",
      "technique_id": "T1005",
      "description": "Attacker dumped the IAM local database of accounts allowing them to find domain accounts",
      "confidence": 100,
      "effect_refs": [
        "attack-action--94b2422d-0950-424f-9350-a12d3d732922"
      ],
      "asset_refs": [
        "attack-asset--c20f8f3b-8d52-4e7b-bc22-17b8b8dda69f"
      ]
    },
    {
      "type": "attack-action",
      "id": "attack-action--3aa3633a-0dce-4f87-8b81-a1c810797686",
      "spec_version": "2.1",
      "created": "2023-01-06T08:13:06.446Z",
      "modified": "2023-01-06T08:13:06.446Z",
      "extensions": {
        "extension-definition--fb9c968a-745b-4ade-9b25-c324172197f4": {
          "extension_type": "new-sdo"
        }
      },
      "name": "Indicator Removal on Host: File Deletion",
      "technique_id": "T1070",
      "description": "Attacker deleted RawCap output files and the RawCap tool",
      "confidence": 100,
      "effect_refs": [
        "attack-condition--28a5ad6a-c051-4d29-9ee3-9fd7637e3945"
      ]
    },
    {
      "type": "attack-asset",
      "id": "attack-asset--e18f253a-e3aa-4f98-958e-53be3bb33ef3",
      "spec_version": "2.1",
      "created": "2023-01-06T08:13:06.446Z",
      "modified": "2023-01-06T08:13:06.446Z",
      "extensions": {
        "extension-definition--fb9c968a-745b-4ade-9b25-c324172197f4": {
          "extension_type": "new-sdo"
        }
      },
      "name": "Backweb server",
      "description": "an internal web portal including domain accounts"
    },
    {
      "type": "attack-condition",
      "id": "attack-condition--f5518d77-b508-4543-a606-17d6d976cc2d",
      "spec_version": "2.1",
      "created": "2023-01-06T08:13:06.446Z",
      "modified": "2023-01-06T08:13:06.446Z",
      "extensions": {
        "extension-definition--fb9c968a-745b-4ade-9b25-c324172197f4": {
          "extension_type": "new-sdo"
        }
      },
      "description": "Attacker logged on to the Backweb server",
      "on_true_refs": [
        "attack-action--3c484f24-0328-4750-8a71-758e69718297"
      ]
    },
    {
      "type": "attack-action",
      "id": "attack-action--3c484f24-0328-4750-8a71-758e69718297",
      "spec_version": "2.1",
      "created": "2023-01-06T08:13:06.446Z",
      "modified": "2023-01-06T08:13:06.446Z",
      "extensions": {
        "extension-definition--fb9c968a-745b-4ade-9b25-c324172197f4": {
          "extension_type": "new-sdo"
        }
      },
      "name": "Lateral Tool Transfer",
      "technique_id": "T1570",
      "description": "Attacker copied pr64.zip to the Backweb server",
      "confidence": 100,
      "effect_refs": [
        "attack-action--01813f00-c84d-4bd2-8276-736722e0e3f8"
      ]
    },
    {
      "type": "tool",
      "id": "tool--a2cecae8-93cf-4648-a09f-b48aaa8704bf",
      "spec_version": "2.1",
      "created": "2023-01-06T08:13:06.446Z",
      "modified": "2023-01-06T08:13:06.446Z",
      "name": "pr64.zip",
      "description": "renamed procdump",
      "tool_types": [
        "credential-exploitation"
      ]
    },
    {
      "type": "attack-action",
      "id": "attack-action--ae89eafb-e337-431f-af43-50f8d6897d0c",
      "spec_version": "2.1",
      "created": "2023-01-06T08:13:06.446Z",
      "modified": "2023-01-06T08:13:06.446Z",
      "extensions": {
        "extension-definition--fb9c968a-745b-4ade-9b25-c324172197f4": {
          "extension_type": "new-sdo"
        }
      },
      "name": "Valid Accounts: Local Accounts",
      "technique_id": "T1078",
      "description": "Attacker accessed the Backweb server using customasp local user account",
      "confidence": 100,
      "effect_refs": [
        "attack-action--0fa237a6-3703-4c7c-a03d-eb9ba25c3ca0"
      ]
    },
    {
      "type": "attack-action",
      "id": "attack-action--0fa237a6-3703-4c7c-a03d-eb9ba25c3ca0",
      "spec_version": "2.1",
      "created": "2023-01-06T08:13:06.446Z",
      "modified": "2023-01-06T08:13:06.446Z",
      "extensions": {
        "extension-definition--fb9c968a-745b-4ade-9b25-c324172197f4": {
          "extension_type": "new-sdo"
        }
      },
      "name": "Command and Scripting Interpreter: PowerShell",
      "technique_id": "T1059.001",
      "description": "Attacker created a service and initialized it with an obfuscated PowerShell payload",
      "confidence": 100,
      "effect_refs": [
        "attack-action--feef2c34-c57b-481c-9f1b-358c5cfb3ccf"
      ]
    },
    {
      "type": "tool",
      "id": "tool--705ce69c-2ef3-43eb-8e1d-69ca35801019",
      "spec_version": "2.1",
      "created": "2023-01-06T08:13:06.446Z",
      "modified": "2023-01-06T08:13:06.446Z",
      "name": "PowerShell HTTP BindShell",
      "tool_types": [
        "remote-access"
      ]
    },
    {
      "type": "attack-action",
      "id": "attack-action--0574f20a-0604-4681-9245-a53fc4491e52",
      "spec_version": "2.1",
      "created": "2023-01-06T08:13:06.446Z",
      "modified": "2023-01-06T08:13:06.446Z",
      "extensions": {
        "extension-definition--fb9c968a-745b-4ade-9b25-c324172197f4": {
          "extension_type": "new-sdo"
        }
      },
      "name": "Lateral Tool Transfer",
      "technique_id": "T1570",
      "description": "Attacker left several files in \"Windows\\Temp\" directory, such as the Java scanner",
      "confidence": 100,
      "effect_refs": [
        "attack-action--ea65ce07-b01f-448c-ad0f-1e75f48fe802"
      ]
    },
    {
      "type": "tool",
      "id": "tool--bc72aad0-8921-4be6-a0cb-fb26698c19cc",
      "spec_version": "2.1",
      "created": "2023-01-06T08:13:06.446Z",
      "modified": "2023-01-06T08:13:06.446Z",
      "name": "Java Scanner",
      "tool_types": [
        "information-gathering"
      ]
    },
    {
      "type": "attack-action",
      "id": "attack-action--e5b25470-9b73-4a90-abad-efaf56a241a7",
      "spec_version": "2.1",
      "created": "2023-01-06T08:13:06.446Z",
      "modified": "2023-01-06T08:13:06.446Z",
      "extensions": {
        "extension-definition--fb9c968a-745b-4ade-9b25-c324172197f4": {
          "extension_type": "new-sdo"
        }
      },
      "name": "Gather Victim Network Information",
      "technique_id": "T1590",
      "description": "Attacker enumerated databases in the same network segment as the RSA servers",
      "confidence": 100,
      "effect_refs": [
        "attack-action--6e420205-86d5-457c-9952-0eb1d4d0c29b"
      ]
    },
    {
      "type": "attack-condition",
      "id": "attack-condition--4f01bf9f-4880-4568-964c-5daa5a20ce1a",
      "spec_version": "2.1",
      "created": "2023-01-06T08:13:06.446Z",
      "modified": "2023-01-06T08:13:06.446Z",
      "extensions": {
        "extension-definition--fb9c968a-745b-4ade-9b25-c324172197f4": {
          "extension_type": "new-sdo"
        }
      },
      "description": "Attacker switched tactics to access SecurID server",
      "on_true_refs": [
        "attack-action--e5b25470-9b73-4a90-abad-efaf56a241a7"
      ]
    },
    {
      "type": "attack-action",
      "id": "attack-action--6e420205-86d5-457c-9952-0eb1d4d0c29b",
      "spec_version": "2.1",
      "created": "2023-01-06T08:13:06.446Z",
      "modified": "2023-01-06T08:13:06.446Z",
      "extensions": {
        "extension-definition--fb9c968a-745b-4ade-9b25-c324172197f4": {
          "extension_type": "new-sdo"
        }
      },
      "name": "Active Scanning",
      "technique_id": "T1595",
      "description": "Attacker scanned for MS-SQL servers ",
      "confidence": 100,
      "effect_refs": [
        "attack-action--5f223e58-a5d8-406e-8ad9-72a80b0abc38"
      ]
    },
    {
      "type": "attack-action",
      "id": "attack-action--5f223e58-a5d8-406e-8ad9-72a80b0abc38",
      "spec_version": "2.1",
      "created": "2023-01-06T08:13:06.446Z",
      "modified": "2023-01-06T08:13:06.446Z",
      "extensions": {
        "extension-definition--fb9c968a-745b-4ade-9b25-c324172197f4": {
          "extension_type": "new-sdo"
        }
      },
      "name": "Lateral Tool Transfer",
      "technique_id": "T1570",
      "description": "Attacker moved several tools to the Backweb server",
      "confidence": 100,
      "effect_refs": [
        "attack-condition--2541e4a4-d068-4278-a455-0afb29baf445"
      ]
    },
    {
      "type": "tool",
      "id": "tool--de7ae5b8-64a2-4e60-99a0-0eb85ca9cc4f",
      "spec_version": "2.1",
      "created": "2023-01-06T08:13:06.446Z",
      "modified": "2023-01-06T08:13:06.446Z",
      "name": "Added tools",
      "description": "s0b.j, str-isis.txt, jtds-1.2.1.jar, str-bio.txt",
      "tool_types": [
        "exploitation"
      ]
    },
    {
      "type": "tool",
      "id": "tool--1a76d629-1a37-4133-a73b-daccfa9844dc",
      "spec_version": "2.1",
      "created": "2023-01-06T08:13:06.446Z",
      "modified": "2023-01-06T08:13:06.446Z",
      "name": "s0b.j",
      "description": "Accepts base64 encoded SQL queries and uses a configuration file that contains the connection string and credentials of the target databased server",
      "tool_types": [
        "exploitation"
      ]
    },
    {
      "type": "attack-condition",
      "id": "attack-condition--2541e4a4-d068-4278-a455-0afb29baf445",
      "spec_version": "2.1",
      "created": "2023-01-06T08:13:06.446Z",
      "modified": "2023-01-06T08:13:06.446Z",
      "extensions": {
        "extension-definition--fb9c968a-745b-4ade-9b25-c324172197f4": {
          "extension_type": "new-sdo"
        }
      },
      "description": "Using s0b.j, attacker accessed multiple databases, including a database storing the SecurID token serials with corresponding end-user accounts",
      "on_true_refs": [
        "attack-action--14f1573e-dea1-49ff-94a0-65c662c0a9ac"
      ]
    },
    {
      "type": "attack-action",
      "id": "attack-action--d3cb375e-3c91-48aa-b3ec-1af4e3af0ec3",
      "spec_version": "2.1",
      "created": "2023-01-06T08:13:06.446Z",
      "modified": "2023-01-06T08:13:06.446Z",
      "extensions": {
        "extension-definition--fb9c968a-745b-4ade-9b25-c324172197f4": {
          "extension_type": "new-sdo"
        }
      },
      "name": "Remote Services: Remote Desktop Protocol",
      "technique_id": "T1021.001",
      "description": "Attacker accessed the Backweb server again multiple times using RDP and the sqlservice and sqlinstall accounts",
      "confidence": 100,
      "effect_refs": [
        "attack-action--d8c00dfb-334f-44b5-9363-6c378ac48ce5"
      ]
    },
    {
      "type": "attack-asset",
      "id": "attack-asset--5a4b12bb-619d-4913-929b-b879a8b1186b",
      "spec_version": "2.1",
      "created": "2023-01-06T08:13:06.446Z",
      "modified": "2023-01-06T08:13:06.446Z",
      "extensions": {
        "extension-definition--fb9c968a-745b-4ade-9b25-c324172197f4": {
          "extension_type": "new-sdo"
        }
      },
      "name": "service account folder"
    },
    {
      "type": "url",
      "id": "url--97b18b6d-7da0-4201-a12a-98dc1247e886",
      "spec_version": "2.1",
      "created": "2023-01-06T08:13:06.446Z",
      "modified": "2023-01-06T08:13:06.446Z",
      "value": "AsyncResponseServiceHttps"
    },
    {
      "type": "malware",
      "id": "malware--00a06b29-7a3f-41b1-8f2c-8a6ea7d1fe7b",
      "spec_version": "2.1",
      "created": "2023-01-06T08:13:06.446Z",
      "modified": "2023-01-06T08:13:06.446Z",
      "name": ".weblog.jsp",
      "description": "a jspRAT that can manipulate files and directories and run arbitrary Windows commands",
      "malware_types": [
        "webshell",
        "remote-access-trojan",
        "trojan"
      ],
      "is_family": true,
      "capabilities": [
        "communicates-with-c2",
        "probes-network-environment",
        "installs-other-components"
      ]
    },
    {
      "type": "attack-asset",
      "id": "attack-asset--02593d98-1411-48ce-924f-a433dc0063da",
      "spec_version": "2.1",
      "created": "2023-01-06T08:13:06.446Z",
      "modified": "2023-01-06T08:13:06.446Z",
      "extensions": {
        "extension-definition--fb9c968a-745b-4ade-9b25-c324172197f4": {
          "extension_type": "new-sdo"
        }
      },
      "name": "DMZ segment"
    },
    {
      "type": "attack-asset",
      "id": "attack-asset--28e50ac0-ab5f-4bac-84bf-85faa7af2e94",
      "spec_version": "2.1",
      "created": "2023-01-06T08:13:06.446Z",
      "modified": "2023-01-06T08:13:06.446Z",
      "extensions": {
        "extension-definition--fb9c968a-745b-4ade-9b25-c324172197f4": {
          "extension_type": "new-sdo"
        }
      },
      "name": "Auth server"
    },
    {
      "type": "attack-asset",
      "id": "attack-asset--334e26d6-dcb4-48e5-a902-144bb13e6d8d",
      "spec_version": "2.1",
      "created": "2023-01-06T08:13:06.446Z",
      "modified": "2023-01-06T08:13:06.446Z",
      "extensions": {
        "extension-definition--fb9c968a-745b-4ade-9b25-c324172197f4": {
          "extension_type": "new-sdo"
        }
      },
      "name": "monitoring server"
    },
    {
      "type": "attack-asset",
      "id": "attack-asset--2d75a947-cbdd-48f9-b890-5ea82f508e73",
      "spec_version": "2.1",
      "created": "2023-01-06T08:13:06.446Z",
      "modified": "2023-01-06T08:13:06.446Z",
      "extensions": {
        "extension-definition--fb9c968a-745b-4ade-9b25-c324172197f4": {
          "extension_type": "new-sdo"
        }
      },
      "name": "DMZ DNS server"
    },
    {
      "type": "note",
      "id": "note--428b69b9-84a6-4ccc-bfc6-574c5708a758",
      "spec_version": "2.1",
      "created": "2023-01-06T08:13:06.446Z",
      "modified": "2023-01-06T08:13:06.446Z",
      "content": "The report does not specify how or when the attackers got the common credential, but I assume it is with one of the tools uploaded in the zip file. ",
      "authors": [
        "Lauren Parker"
      ],
      "object_refs": [
        "attack-action--8054a193-34be-4318-89c8-7967252f0e0f"
      ]
    },
    {
      "type": "malware",
      "id": "malware--5fe11f7c-ce4b-4417-ab25-16cbbc609bd6",
      "spec_version": "2.1",
      "created": "2023-01-06T08:13:06.446Z",
      "modified": "2023-01-06T08:13:06.446Z",
      "name": "WSO PHP webshell",
      "malware_types": [
        "webshell"
      ],
      "is_family": true,
      "capabilities": [
        "communicates-with-c2",
        "escalates-privileges",
        "exfiltrates-data",
        "infects-files",
        "installs-other-components",
        "fingerprints-host",
        "steals-authentication-credentials"
      ]
    },
    {
      "type": "file",
      "id": "file--e08b6551-d0d4-446b-b71b-c295c94e8d67",
      "spec_version": "2.1",
      "created": "2023-01-06T08:13:06.446Z",
      "modified": "2023-01-06T08:13:06.446Z",
      "name": "/etc/shadow"
    },
    {
      "type": "process",
      "id": "process--2fd98894-7d8b-4b65-afaa-c8ddeb8dbe4f",
      "spec_version": "2.1",
      "created": "2023-01-06T08:13:06.446Z",
      "modified": "2023-01-06T08:13:06.446Z",
      "command_line": "whoami"
    },
    {
      "type": "directory",
      "id": "directory--7cf1c5f5-45aa-4aae-a9d5-bffe1309fc13",
      "spec_version": "2.1",
      "created": "2023-01-06T08:13:06.446Z",
      "modified": "2023-01-06T08:13:06.446Z",
      "path": "/srv/www/htdocs/gif"
    },
    {
      "type": "directory",
      "id": "directory--b626e448-b184-43d5-b695-7a4d67f2b60f",
      "spec_version": "2.1",
      "created": "2023-01-06T08:13:06.446Z",
      "modified": "2023-01-06T08:13:06.446Z",
      "path": "/var/log/apache2/"
    },
    {
      "type": "file",
      "id": "file--1ce3f438-bc34-4e7a-b731-4472bb661079",
      "spec_version": "2.1",
      "created": "2023-01-06T08:13:06.446Z",
      "modified": "2023-01-06T08:13:06.446Z",
      "name": "65510"
    },
    {
      "type": "directory",
      "id": "directory--11737a10-d109-4024-8a82-79d42eb10175",
      "spec_version": "2.1",
      "created": "2023-01-06T08:13:06.446Z",
      "modified": "2023-01-06T08:13:06.446Z",
      "path": "/dev/shm"
    },
    {
      "type": "malware",
      "id": "malware--491784b9-025a-4460-b2ce-b80ad6a10e07",
      "spec_version": "2.1",
      "created": "2023-01-06T08:13:06.446Z",
      "modified": "2023-01-06T08:13:06.446Z",
      "name": "65.txt",
      "description": "BlueAgave Perl webshell placed on the Zabbix Server",
      "malware_types": [
        "webshell",
        "trojan"
      ],
      "is_family": true,
      "capabilities": [
        "communicates-with-c2",
        "exfiltrates-data",
        "probes-network-environment"
      ]
    },
    {
      "type": "note",
      "id": "note--5b1faf1e-d596-4e27-a805-8fc87b472517",
      "spec_version": "2.1",
      "created": "2023-01-06T08:13:06.446Z",
      "modified": "2023-01-06T08:13:06.446Z",
      "content": "Several txt files were found in the unallocated address space of the Zabbix machine that were outputs from these scanning attempts",
      "authors": [
        "Lauren Parker"
      ],
      "object_refs": [
        "attack-action--273407ed-343c-4dce-849e-68a96326f8fb"
      ]
    },
    {
      "type": "network-traffic",
      "id": "network-traffic--173f3df6-a307-4f13-a65f-381ee79b6999",
      "spec_version": "2.1",
      "created": "2023-01-06T08:13:06.446Z",
      "modified": "2023-01-06T08:13:06.446Z",
      "protocols": [
        "SSH"
      ]
    },
    {
      "type": "attack-asset",
      "id": "attack-asset--bb5d56be-0823-4a76-999f-4b8a13cb49f4",
      "spec_version": "2.1",
      "created": "2023-01-06T08:13:06.446Z",
      "modified": "2023-01-06T08:13:06.446Z",
      "extensions": {
        "extension-definition--fb9c968a-745b-4ade-9b25-c324172197f4": {
          "extension_type": "new-sdo"
        }
      },
      "name": "Oracle IAM server administrative UI"
    },
    {
      "type": "attack-asset",
      "id": "attack-asset--c20f8f3b-8d52-4e7b-bc22-17b8b8dda69f",
      "spec_version": "2.1",
      "created": "2023-01-06T08:13:06.446Z",
      "modified": "2023-01-06T08:13:06.446Z",
      "extensions": {
        "extension-definition--fb9c968a-745b-4ade-9b25-c324172197f4": {
          "extension_type": "new-sdo"
        }
      },
      "name": "domain accounts"
    },
    {
      "type": "user-account",
      "id": "user-account--05a45e84-229e-46ca-94ba-51ef9852c257",
      "spec_version": "2.1",
      "created": "2023-01-06T08:13:06.446Z",
      "modified": "2023-01-06T08:13:06.446Z",
      "account_type": "windows-local",
      "display_name": "customasp"
    },
    {
      "type": "ipv4-addr",
      "id": "ipv4-addr--e8cdf5e7-451f-4a37-a21a-d2125296a7ac",
      "spec_version": "2.1",
      "created": "2023-01-06T08:13:06.446Z",
      "modified": "2023-01-06T08:13:06.446Z",
      "value": "179.6.92.161"
    },
    {
      "type": "directory",
      "id": "directory--b07abfab-73bf-4faf-b347-4ccfe1fa162c",
      "spec_version": "2.1",
      "created": "2023-01-06T08:13:06.446Z",
      "modified": "2023-01-06T08:13:06.446Z",
      "path": "Windows\\Temp"
    },
    {
      "type": "attack-asset",
      "id": "attack-asset--27de8418-b47e-4bb5-a6cb-1cb672409e81",
      "spec_version": "2.1",
      "created": "2023-01-06T08:13:06.446Z",
      "modified": "2023-01-06T08:13:06.446Z",
      "extensions": {
        "extension-definition--fb9c968a-745b-4ade-9b25-c324172197f4": {
          "extension_type": "new-sdo"
        }
      },
      "name": "RSA SecurID servers"
    },
    {
      "type": "file",
      "id": "file--5a85bc98-f407-4aa6-b34d-5f08a2ed1960",
      "spec_version": "2.1",
      "created": "2023-01-06T08:13:06.446Z",
      "modified": "2023-01-06T08:13:06.446Z",
      "name": "/var/log/btmp"
    },
    {
      "type": "note",
      "id": "note--24c015f4-bf09-4656-91fb-0ed679e3b21d",
      "spec_version": "2.1",
      "created": "2023-01-06T08:13:06.446Z",
      "modified": "2023-01-06T08:13:06.446Z",
      "content": "showed the failed SSH connection attempts, indicating a dictionary-based access attempts",
      "authors": [
        "Lauren Parker"
      ],
      "object_refs": [
        "file--5a85bc98-f407-4aa6-b34d-5f08a2ed1960"
      ]
    },
    {
      "type": "file",
      "id": "file--f347ae73-c5d2-4a40-a7bc-8a8bf64f93d4",
      "spec_version": "2.1",
      "created": "2023-01-06T08:13:06.446Z",
      "modified": "2023-01-06T08:13:06.446Z",
      "name": "srt*.txt"
    },
    {
      "type": "network-traffic",
      "id": "network-traffic--b42bfe7e-9ea9-4106-8342-72c51c7fe931",
      "spec_version": "2.1",
      "created": "2023-01-06T08:13:06.446Z",
      "modified": "2023-01-06T08:13:06.446Z",
      "protocols": [
        "RDP"
      ]
    },
    {
      "type": "user-account",
      "id": "user-account--f33d628c-e2c5-4884-96a9-15fc06555862",
      "spec_version": "2.1",
      "created": "2023-01-06T08:13:06.446Z",
      "modified": "2023-01-06T08:13:06.446Z",
      "display_name": "sqlservice"
    },
    {
      "type": "user-account",
      "id": "user-account--873ae4f3-17b0-4dd7-b004-6fd50104bbca",
      "spec_version": "2.1",
      "created": "2023-01-06T08:13:06.446Z",
      "modified": "2023-01-06T08:13:06.446Z",
      "display_name": "sqlinstall"
    },
    {
      "type": "attack-asset",
      "id": "attack-asset--927a6c6f-d696-4f56-9822-1b520d18ef70",
      "spec_version": "2.1",
      "created": "2023-01-06T08:13:06.446Z",
      "modified": "2023-01-06T08:13:06.446Z",
      "extensions": {
        "extension-definition--fb9c968a-745b-4ade-9b25-c324172197f4": {
          "extension_type": "new-sdo"
        }
      },
      "name": "token serials"
    },
    {
      "type": "attack-asset",
      "id": "attack-asset--4e6f13fe-483c-4212-8a6a-27c0ee977b75",
      "spec_version": "2.1",
      "created": "2023-01-06T08:13:06.446Z",
      "modified": "2023-01-06T08:13:06.446Z",
      "extensions": {
        "extension-definition--fb9c968a-745b-4ade-9b25-c324172197f4": {
          "extension_type": "new-sdo"
        }
      },
      "name": "daily token transactions"
    },
    {
      "type": "user-account",
      "id": "user-account--be58553f-e500-43bf-8742-aed3a67c6ea4",
      "spec_version": "2.1",
      "created": "2023-01-06T08:13:06.446Z",
      "modified": "2023-01-06T08:13:06.446Z",
      "account_type": "windows-domain",
      "display_name": "sysadmin"
    },
    {
      "type": "relationship",
      "id": "relationship--6b607908-d8b9-4af7-b8c0-ebf5af390041",
      "spec_version": "2.1",
      "created": "2023-01-06T08:13:06.446Z",
      "modified": "2023-01-06T08:13:06.446Z",
      "relationship_type": "related-to",
      "source_ref": "attack-action--06617ed8-35b6-42e2-9f14-99e97f57b78f",
      "target_ref": "infrastructure--1a978a53-c344-4708-99b9-9b88c4191742"
    },
    {
      "type": "relationship",
      "id": "relationship--56c1652e-4e1c-4474-8998-ddf2562e3066",
      "spec_version": "2.1",
      "created": "2023-01-06T08:13:06.446Z",
      "modified": "2023-01-06T08:13:06.446Z",
      "relationship_type": "related-to",
      "source_ref": "attack-action--06617ed8-35b6-42e2-9f14-99e97f57b78f",
      "target_ref": "campaign--5733693b-c9aa-418e-ac09-312251d23259"
    },
    {
      "type": "relationship",
      "id": "relationship--cc05de9d-164c-4949-ae13-a80442db867b",
      "spec_version": "2.1",
      "created": "2023-01-06T08:13:06.446Z",
      "modified": "2023-01-06T08:13:06.446Z",
      "relationship_type": "related-to",
      "source_ref": "attack-action--1f6da219-83ad-4f6a-ba67-5b5e873abb9f",
      "target_ref": "vulnerability--cdab8da6-ae5e-4137-93da-893c2c172e0b"
    },
    {
      "type": "relationship",
      "id": "relationship--a0ba3636-0dbf-4047-83a2-3108e6cc8ab5",
      "spec_version": "2.1",
      "created": "2023-01-06T08:13:06.446Z",
      "modified": "2023-01-06T08:13:06.446Z",
      "relationship_type": "related-to",
      "source_ref": "attack-action--1f6da219-83ad-4f6a-ba67-5b5e873abb9f",
      "target_ref": "infrastructure--043ad1c0-09f8-4b5d-91cd-cdee9f54c754"
    },
    {
      "type": "relationship",
      "id": "relationship--78161f3a-772f-4118-9bc5-c99fb96041e4",
      "spec_version": "2.1",
      "created": "2023-01-06T08:13:06.446Z",
      "modified": "2023-01-06T08:13:06.446Z",
      "relationship_type": "related-to",
      "source_ref": "attack-action--1f6da219-83ad-4f6a-ba67-5b5e873abb9f",
      "target_ref": "url--97b18b6d-7da0-4201-a12a-98dc1247e886"
    },
    {
      "type": "relationship",
      "id": "relationship--bd8aa197-9fe9-4e2f-b4d7-6358e18824eb",
      "spec_version": "2.1",
      "created": "2023-01-06T08:13:06.446Z",
      "modified": "2023-01-06T08:13:06.446Z",
      "relationship_type": "related-to",
      "source_ref": "attack-action--05411f8d-39a0-45a2-824f-230d9c9b2fd5",
      "target_ref": "infrastructure--1a978a53-c344-4708-99b9-9b88c4191742"
    },
    {
      "type": "relationship",
      "id": "relationship--71d68f81-f064-4c13-a618-cf339735c75c",
      "spec_version": "2.1",
      "created": "2023-01-06T08:13:06.446Z",
      "modified": "2023-01-06T08:13:06.446Z",
      "relationship_type": "related-to",
      "source_ref": "attack-action--05411f8d-39a0-45a2-824f-230d9c9b2fd5",
      "target_ref": "tool--45116e1c-100f-4a86-867a-e1de47ce6466"
    },
    {
      "type": "relationship",
      "id": "relationship--c25dd83d-caa4-44a0-aafa-a9a220d0ce10",
      "spec_version": "2.1",
      "created": "2023-01-06T08:13:06.446Z",
      "modified": "2023-01-06T08:13:06.446Z",
      "relationship_type": "related-to",
      "source_ref": "attack-action--0b518f13-5622-4f1f-8f5c-a8a7ddb069aa",
      "target_ref": "malware--00a06b29-7a3f-41b1-8f2c-8a6ea7d1fe7b"
    },
    {
      "type": "relationship",
      "id": "relationship--a527e8c0-63a7-40bf-9c22-78e2a2ff04ee",
      "spec_version": "2.1",
      "created": "2023-01-06T08:13:06.446Z",
      "modified": "2023-01-06T08:13:06.446Z",
      "relationship_type": "related-to",
      "source_ref": "attack-action--aac1df04-b869-4d4c-8a6a-4c8c46bf46dd",
      "target_ref": "tool--fd2a795d-3027-47d5-b187-f50567280d2c"
    },
    {
      "type": "relationship",
      "id": "relationship--6018c4a5-002c-4657-a005-7b7af2fd22ed",
      "spec_version": "2.1",
      "created": "2023-01-06T08:13:06.446Z",
      "modified": "2023-01-06T08:13:06.446Z",
      "relationship_type": "related-to",
      "source_ref": "attack-action--aac1df04-b869-4d4c-8a6a-4c8c46bf46dd",
      "target_ref": "infrastructure--4a29334f-9c07-44bc-99cc-10445ca03601"
    },
    {
      "type": "relationship",
      "id": "relationship--99e324a6-d4d5-4823-8b64-b1f43e09276f",
      "spec_version": "2.1",
      "created": "2023-01-06T08:13:06.446Z",
      "modified": "2023-01-06T08:13:06.446Z",
      "relationship_type": "related-to",
      "source_ref": "attack-action--f57144a5-23e3-4141-a14f-0054f1f3baa2",
      "target_ref": "malware--5fe11f7c-ce4b-4417-ab25-16cbbc609bd6"
    },
    {
      "type": "relationship",
      "id": "relationship--5acba1f3-eb58-4c0a-b463-9da9f0656f04",
      "spec_version": "2.1",
      "created": "2023-01-06T08:13:06.446Z",
      "modified": "2023-01-06T08:13:06.446Z",
      "relationship_type": "related-to",
      "source_ref": "attack-action--f57144a5-23e3-4141-a14f-0054f1f3baa2",
      "target_ref": "vulnerability--f9a8f240-ab61-4f10-b74c-1e83abb866f1"
    },
    {
      "type": "relationship",
      "id": "relationship--b0416061-c7b0-4464-a162-2854eac7ec87",
      "spec_version": "2.1",
      "created": "2023-01-06T08:13:06.446Z",
      "modified": "2023-01-06T08:13:06.446Z",
      "relationship_type": "related-to",
      "source_ref": "attack-action--1972489e-527b-42d1-946b-1712ca9d88d7",
      "target_ref": "malware--491784b9-025a-4460-b2ce-b80ad6a10e07"
    },
    {
      "type": "relationship",
      "id": "relationship--81448446-d0c8-4d0b-a18a-3ac56a07ef3c",
      "spec_version": "2.1",
      "created": "2023-01-06T08:13:06.446Z",
      "modified": "2023-01-06T08:13:06.446Z",
      "relationship_type": "related-to",
      "source_ref": "attack-action--42cb83aa-7377-443a-b387-49ce9c6ef2da",
      "target_ref": "directory--7cf1c5f5-45aa-4aae-a9d5-bffe1309fc13"
    },
    {
      "type": "relationship",
      "id": "relationship--ee591659-f046-4079-a23d-d326b2bdee3d",
      "spec_version": "2.1",
      "created": "2023-01-06T08:13:06.446Z",
      "modified": "2023-01-06T08:13:06.446Z",
      "relationship_type": "related-to",
      "source_ref": "attack-action--2d834b49-b19d-447b-bd77-03a5d0cd76ba",
      "target_ref": "file--e08b6551-d0d4-446b-b71b-c295c94e8d67"
    },
    {
      "type": "relationship",
      "id": "relationship--fc12b50c-f5a1-436d-b2ab-37eb4623ec29",
      "spec_version": "2.1",
      "created": "2023-01-06T08:13:06.447Z",
      "modified": "2023-01-06T08:13:06.447Z",
      "relationship_type": "related-to",
      "source_ref": "attack-action--273407ed-343c-4dce-849e-68a96326f8fb",
      "target_ref": "tool--ead45881-66db-4866-9fa9-f55192c86ef1"
    },
    {
      "type": "relationship",
      "id": "relationship--c96061c2-8933-4748-8bf8-23c9b6909fa3",
      "spec_version": "2.1",
      "created": "2023-01-06T08:13:06.447Z",
      "modified": "2023-01-06T08:13:06.447Z",
      "relationship_type": "related-to",
      "source_ref": "attack-action--e1ce720a-a99e-4714-ae35-b9f259c515a4",
      "target_ref": "tool--0caac53e-77c9-4276-a271-0b7e06588718"
    },
    {
      "type": "relationship",
      "id": "relationship--90074b9f-75fc-46d4-afd6-ceafbe658c55",
      "spec_version": "2.1",
      "created": "2023-01-06T08:13:06.447Z",
      "modified": "2023-01-06T08:13:06.447Z",
      "relationship_type": "related-to",
      "source_ref": "attack-action--bcd31619-522d-40c4-a0f0-ecff1fc40188",
      "target_ref": "vulnerability--c17bc217-fc16-4916-b7f6-c57e711d1ffb"
    },
    {
      "type": "relationship",
      "id": "relationship--b4ff40a1-72c0-4927-b3bb-5021485a015d",
      "spec_version": "2.1",
      "created": "2023-01-06T08:13:06.447Z",
      "modified": "2023-01-06T08:13:06.447Z",
      "relationship_type": "related-to",
      "source_ref": "attack-action--516a162a-e8c3-437e-bcf8-f5045840a9c9",
      "target_ref": "user-account--be58553f-e500-43bf-8742-aed3a67c6ea4"
    },
    {
      "type": "relationship",
      "id": "relationship--f571fe27-e27a-44f2-b013-1fe87f4f0886",
      "spec_version": "2.1",
      "created": "2023-01-06T08:13:06.447Z",
      "modified": "2023-01-06T08:13:06.447Z",
      "relationship_type": "related-to",
      "source_ref": "attack-action--94b2422d-0950-424f-9350-a12d3d732922",
      "target_ref": "tool--f0fa3bab-b1d6-49b4-9c9f-ae8d132a54bb"
    },
    {
      "type": "relationship",
      "id": "relationship--058708f2-14b1-4001-b6e1-c41b88991591",
      "spec_version": "2.1",
      "created": "2023-01-06T08:13:06.447Z",
      "modified": "2023-01-06T08:13:06.447Z",
      "relationship_type": "related-to",
      "source_ref": "infrastructure--9df29fec-776c-4950-9ddd-871cd87b9052",
      "target_ref": "ipv4-addr--e8cdf5e7-451f-4a37-a21a-d2125296a7ac"
    },
    {
      "type": "relationship",
      "id": "relationship--ef08cc8d-6f1c-4a29-8444-685c1fe170ea",
      "spec_version": "2.1",
      "created": "2023-01-06T08:13:06.447Z",
      "modified": "2023-01-06T08:13:06.447Z",
      "relationship_type": "related-to",
      "source_ref": "attack-action--feef2c34-c57b-481c-9f1b-358c5cfb3ccf",
      "target_ref": "infrastructure--9df29fec-776c-4950-9ddd-871cd87b9052"
    },
    {
      "type": "relationship",
      "id": "relationship--4fa7baff-2649-4eda-9565-da8cc8d2aa4b",
      "spec_version": "2.1",
      "created": "2023-01-06T08:13:06.447Z",
      "modified": "2023-01-06T08:13:06.447Z",
      "relationship_type": "related-to",
      "source_ref": "attack-action--feef2c34-c57b-481c-9f1b-358c5cfb3ccf",
      "target_ref": "tool--705ce69c-2ef3-43eb-8e1d-69ca35801019"
    },
    {
      "type": "relationship",
      "id": "relationship--1275ae00-4ea0-49bc-a4f8-47cf1549a1da",
      "spec_version": "2.1",
      "created": "2023-01-06T08:13:06.447Z",
      "modified": "2023-01-06T08:13:06.447Z",
      "relationship_type": "related-to",
      "source_ref": "attack-condition--0e98866c-8f21-4b2c-abdb-9e6bdb0d3dbe",
      "target_ref": "attack-asset--27de8418-b47e-4bb5-a6cb-1cb672409e81"
    },
    {
      "type": "relationship",
      "id": "relationship--18fbd3f4-ff98-4a03-b346-1c5ab3ca23de",
      "spec_version": "2.1",
      "created": "2023-01-06T08:13:06.447Z",
      "modified": "2023-01-06T08:13:06.447Z",
      "relationship_type": "related-to",
      "source_ref": "attack-action--9657b790-d5a8-4253-9932-b358f8d6c992",
      "target_ref": "file--5a85bc98-f407-4aa6-b34d-5f08a2ed1960"
    },
    {
      "type": "relationship",
      "id": "relationship--a84d2688-5143-40a6-88d2-ba6a32dc42b0",
      "spec_version": "2.1",
      "created": "2023-01-06T08:13:06.447Z",
      "modified": "2023-01-06T08:13:06.447Z",
      "relationship_type": "related-to",
      "source_ref": "campaign--5733693b-c9aa-418e-ac09-312251d23259",
      "target_ref": "threat-actor--0fb5ffcd-5a32-4143-b96a-32be81723dbf"
    },
    {
      "type": "relationship",
      "id": "relationship--be136869-6e53-48f9-9c9b-b40b147076b8",
      "spec_version": "2.1",
      "created": "2023-01-06T08:13:06.447Z",
      "modified": "2023-01-06T08:13:06.447Z",
      "relationship_type": "related-to",
      "source_ref": "attack-condition--c3595f21-9aa4-4c6a-a687-f8916d96bffb",
      "target_ref": "attack-asset--334e26d6-dcb4-48e5-a902-144bb13e6d8d"
    },
    {
      "type": "relationship",
      "id": "relationship--dd26ef97-53e8-46b3-a190-87f448236e5d",
      "spec_version": "2.1",
      "created": "2023-01-06T08:13:06.447Z",
      "modified": "2023-01-06T08:13:06.447Z",
      "relationship_type": "related-to",
      "source_ref": "attack-condition--c3595f21-9aa4-4c6a-a687-f8916d96bffb",
      "target_ref": "attack-asset--28e50ac0-ab5f-4bac-84bf-85faa7af2e94"
    },
    {
      "type": "relationship",
      "id": "relationship--10442a52-f1aa-463d-9fa4-39baed50bcb5",
      "spec_version": "2.1",
      "created": "2023-01-06T08:13:06.447Z",
      "modified": "2023-01-06T08:13:06.447Z",
      "relationship_type": "related-to",
      "source_ref": "attack-condition--c3595f21-9aa4-4c6a-a687-f8916d96bffb",
      "target_ref": "attack-asset--2d75a947-cbdd-48f9-b890-5ea82f508e73"
    },
    {
      "type": "relationship",
      "id": "relationship--59a48fc5-905c-4a20-8ec6-5419e5ea0cfa",
      "spec_version": "2.1",
      "created": "2023-01-06T08:13:06.447Z",
      "modified": "2023-01-06T08:13:06.447Z",
      "relationship_type": "related-to",
      "source_ref": "attack-action--93abb92f-ecd8-4308-9f4e-84d84f7002c7",
      "target_ref": "directory--b626e448-b184-43d5-b695-7a4d67f2b60f"
    },
    {
      "type": "relationship",
      "id": "relationship--94b329ad-2ee2-4a49-977c-df4259aa806e",
      "spec_version": "2.1",
      "created": "2023-01-06T08:13:06.447Z",
      "modified": "2023-01-06T08:13:06.447Z",
      "relationship_type": "related-to",
      "source_ref": "attack-condition--d91bbf42-1a99-4b12-89fd-8f57a0ebbbb2",
      "target_ref": "file--1ce3f438-bc34-4e7a-b731-4472bb661079"
    },
    {
      "type": "relationship",
      "id": "relationship--96bf9fec-86cd-45f2-95dd-476166add373",
      "spec_version": "2.1",
      "created": "2023-01-06T08:13:06.447Z",
      "modified": "2023-01-06T08:13:06.447Z",
      "relationship_type": "related-to",
      "source_ref": "attack-condition--d91bbf42-1a99-4b12-89fd-8f57a0ebbbb2",
      "target_ref": "directory--11737a10-d109-4024-8a82-79d42eb10175"
    },
    {
      "type": "relationship",
      "id": "relationship--904809f6-aff6-404c-9b8e-43e975307ab5",
      "spec_version": "2.1",
      "created": "2023-01-06T08:13:06.447Z",
      "modified": "2023-01-06T08:13:06.447Z",
      "relationship_type": "related-to",
      "source_ref": "attack-action--144109da-1040-4cba-ae66-ff8a2832dd75",
      "target_ref": "network-traffic--173f3df6-a307-4f13-a65f-381ee79b6999"
    },
    {
      "type": "relationship",
      "id": "relationship--c5810ce4-d807-491b-99dc-2c1649a1fe7b",
      "spec_version": "2.1",
      "created": "2023-01-06T08:13:06.447Z",
      "modified": "2023-01-06T08:13:06.447Z",
      "relationship_type": "related-to",
      "source_ref": "attack-action--3c484f24-0328-4750-8a71-758e69718297",
      "target_ref": "tool--a2cecae8-93cf-4648-a09f-b48aaa8704bf"
    },
    {
      "type": "relationship",
      "id": "relationship--cde7e39c-be24-4ede-b31a-b5950e718885",
      "spec_version": "2.1",
      "created": "2023-01-06T08:13:06.447Z",
      "modified": "2023-01-06T08:13:06.447Z",
      "relationship_type": "related-to",
      "source_ref": "attack-action--ae89eafb-e337-431f-af43-50f8d6897d0c",
      "target_ref": "user-account--05a45e84-229e-46ca-94ba-51ef9852c257"
    },
    {
      "type": "relationship",
      "id": "relationship--7d8da7cd-3a6f-4c24-a927-d689905e06fc",
      "spec_version": "2.1",
      "created": "2023-01-06T08:13:06.447Z",
      "modified": "2023-01-06T08:13:06.447Z",
      "relationship_type": "related-to",
      "source_ref": "attack-action--0574f20a-0604-4681-9245-a53fc4491e52",
      "target_ref": "tool--bc72aad0-8921-4be6-a0cb-fb26698c19cc"
    },
    {
      "type": "relationship",
      "id": "relationship--b94979a4-e127-4992-b759-af864d70c2ae",
      "spec_version": "2.1",
      "created": "2023-01-06T08:13:06.447Z",
      "modified": "2023-01-06T08:13:06.447Z",
      "relationship_type": "related-to",
      "source_ref": "attack-action--0574f20a-0604-4681-9245-a53fc4491e52",
      "target_ref": "directory--b07abfab-73bf-4faf-b347-4ccfe1fa162c"
    },
    {
      "type": "relationship",
      "id": "relationship--4a98eb67-ff2d-47ba-bcc2-ad2bd6dcd9ea",
      "spec_version": "2.1",
      "created": "2023-01-06T08:13:06.447Z",
      "modified": "2023-01-06T08:13:06.447Z",
      "relationship_type": "related-to",
      "source_ref": "attack-action--5f223e58-a5d8-406e-8ad9-72a80b0abc38",
      "target_ref": "tool--de7ae5b8-64a2-4e60-99a0-0eb85ca9cc4f"
    },
    {
      "type": "relationship",
      "id": "relationship--5ea3e6b4-e3bd-4a09-a0f4-e47bac83742c",
      "spec_version": "2.1",
      "created": "2023-01-06T08:13:06.447Z",
      "modified": "2023-01-06T08:13:06.447Z",
      "relationship_type": "related-to",
      "source_ref": "attack-action--5f223e58-a5d8-406e-8ad9-72a80b0abc38",
      "target_ref": "tool--1a76d629-1a37-4133-a73b-daccfa9844dc"
    },
    {
      "type": "relationship",
      "id": "relationship--bfa4955b-fd05-4122-be98-ea5d488f3d7b",
      "spec_version": "2.1",
      "created": "2023-01-06T08:13:06.447Z",
      "modified": "2023-01-06T08:13:06.447Z",
      "relationship_type": "related-to",
      "source_ref": "tool--1a76d629-1a37-4133-a73b-daccfa9844dc",
      "target_ref": "file--f347ae73-c5d2-4a40-a7bc-8a8bf64f93d4"
    },
    {
      "type": "relationship",
      "id": "relationship--aea1d771-d5f6-4ef2-9da6-dc476bf0ccf2",
      "spec_version": "2.1",
      "created": "2023-01-06T08:13:06.447Z",
      "modified": "2023-01-06T08:13:06.447Z",
      "relationship_type": "related-to",
      "source_ref": "attack-action--d3cb375e-3c91-48aa-b3ec-1af4e3af0ec3",
      "target_ref": "network-traffic--b42bfe7e-9ea9-4106-8342-72c51c7fe931"
    },
    {
      "type": "relationship",
      "id": "relationship--aae67cd0-6fb7-42b1-ae21-395616672ea0",
      "spec_version": "2.1",
      "created": "2023-01-06T08:13:06.447Z",
      "modified": "2023-01-06T08:13:06.447Z",
      "relationship_type": "related-to",
      "source_ref": "attack-action--d3cb375e-3c91-48aa-b3ec-1af4e3af0ec3",
      "target_ref": "user-account--873ae4f3-17b0-4dd7-b004-6fd50104bbca"
    },
    {
      "type": "relationship",
      "id": "relationship--75422d90-32ef-4dd5-8dc9-cc3b0b334b89",
      "spec_version": "2.1",
      "created": "2023-01-06T08:13:06.447Z",
      "modified": "2023-01-06T08:13:06.447Z",
      "relationship_type": "related-to",
      "source_ref": "attack-action--d3cb375e-3c91-48aa-b3ec-1af4e3af0ec3",
      "target_ref": "user-account--f33d628c-e2c5-4884-96a9-15fc06555862"
    }
  ]
}