{
  "type": "bundle",
  "id": "bundle--73b08f2c-e6da-4187-8e67-9a0c785944b3",
  "spec_version": "2.1",
  "created": "2023-01-06T08:14:01.917Z",
  "modified": "2023-01-06T08:14:01.917Z",
  "objects": [
    {
      "type": "extension-definition",
      "id": "extension-definition--fb9c968a-745b-4ade-9b25-c324172197f4",
      "spec_version": "2.1",
      "created": "2022-08-02T19:34:35.143Z",
      "modified": "2022-08-02T19:34:35.143Z",
      "name": "Attack Flow",
      "description": "Extends STIX 2.1 with features to create Attack Flows.",
      "created_by_ref": "identity--fb9c968a-745b-4ade-9b25-c324172197f4",
      "schema": "https://center-for-threat-informed-defense.github.io/attack-flow/stix/attack-flow-schema-2.0.0.json",
      "version": "2.0.0",
      "extension_types": [
        "new-sdo"
      ],
      "external_references": [
        {
          "source_name": "Documentation",
          "description": "Documentation for Attack Flow",
          "url": "https://center-for-threat-informed-defense.github.io/attack-flow"
        },
        {
          "source_name": "GitHub",
          "description": "Source code repository for Attack Flow",
          "url": "https://github.com/center-for-threat-informed-defense/attack-flow"
        }
      ]
    },
    {
      "type": "identity",
      "id": "identity--fb9c968a-745b-4ade-9b25-c324172197f4",
      "spec_version": "2.1",
      "created": "2022-08-02T19:34:35.143Z",
      "modified": "2022-08-02T19:34:35.143Z",
      "create_by_ref": "identity--fb9c968a-745b-4ade-9b25-c324172197f4",
      "name": "MITRE Engenuity Center for Threat-Informed Defense",
      "identity_class": "organization"
    },
    {
      "type": "attack-flow",
      "id": "attack-flow--03602b56-fdc6-4e79-b355-22e4c7aaeea5",
      "spec_version": "2.1",
      "created": "2022-10-27T02:44:54.520Z",
      "modified": "2023-01-06T08:14:01.918Z",
      "extensions": {
        "extension-definition--fb9c968a-745b-4ade-9b25-c324172197f4": {
          "extension_type": "new-sdo"
        }
      },
      "created_by_ref": "identity--45ebbfd4-48fb-4ed3-8123-27746f416a25",
      "start_refs": [],
      "name": "Gootloader (fixed)",
      "description": "Attack flow on the Gootloader payload distribution attack.",
      "author": [
        [
          "name",
          "Mia Sanchez"
        ],
        [
          "identity_class",
          "23b79ae0fc0f07a3669598dd23c694cc"
        ],
        [
          "contact_information",
          "msanchez@mitre.org"
        ]
      ],
      "scope": "malware",
      "external_references": [
        {
          "source_name": "DFIR",
          "description": "Report",
          "url": "https://thedfirreport.com/2022/05/09/seo-poisoning-a-gootloader-story/"
        }
      ]
    },
    {
      "type": "identity",
      "id": "identity--45ebbfd4-48fb-4ed3-8123-27746f416a25",
      "spec_version": "2.1",
      "created": "2023-01-06T08:14:01.917Z",
      "modified": "2023-01-06T08:14:01.917Z",
      "name": "Mia Sanchez",
      "identity_class": "individual",
      "contact_information": "msanchez@mitre.org"
    },
    {
      "type": "attack-action",
      "id": "attack-action--b8cd023a-4f26-43cc-ac71-38f90533cf2d",
      "spec_version": "2.1",
      "created": "2023-01-06T08:14:01.918Z",
      "modified": "2023-01-06T08:14:01.918Z",
      "extensions": {
        "extension-definition--fb9c968a-745b-4ade-9b25-c324172197f4": {
          "extension_type": "new-sdo"
        }
      },
      "name": "Drive-by Compromise",
      "technique_id": "T1189",
      "description": "The user searched for results and clicked on a compromised website. After navigating to the compromised website, a forum-looking page was displayed and the user clicked on a link, which downloaded a file",
      "confidence": 100,
      "effect_refs": [
        "attack-condition--ee68f51a-7009-460f-b06c-415ccaff65dc"
      ]
    },
    {
      "type": "attack-condition",
      "id": "attack-condition--01e917ac-a5d7-4f43-ba4d-407ee5a6aa2c",
      "spec_version": "2.1",
      "created": "2023-01-06T08:14:01.918Z",
      "modified": "2023-01-06T08:14:01.918Z",
      "extensions": {
        "extension-definition--fb9c968a-745b-4ade-9b25-c324172197f4": {
          "extension_type": "new-sdo"
        }
      },
      "description": "Attackers launched Search Engine Optimization (SEO) poisoning attack - moves compromised websites hosting malware to top of search requests",
      "on_true_refs": [
        "attack-action--b8cd023a-4f26-43cc-ac71-38f90533cf2d"
      ]
    },
    {
      "type": "attack-action",
      "id": "attack-action--35f13ec8-9c18-40b4-b76a-0c313a99f525",
      "spec_version": "2.1",
      "created": "2023-01-06T08:14:01.918Z",
      "modified": "2023-01-06T08:14:01.918Z",
      "extensions": {
        "extension-definition--fb9c968a-745b-4ade-9b25-c324172197f4": {
          "extension_type": "new-sdo"
        }
      },
      "name": "Compromise Infrastructure",
      "technique_id": "T1584",
      "description": "Attackers compromised websites to host malware",
      "confidence": 100,
      "effect_refs": [
        "attack-condition--01e917ac-a5d7-4f43-ba4d-407ee5a6aa2c"
      ]
    },
    {
      "type": "attack-action",
      "id": "attack-action--1cfc90fc-4363-48e3-ae47-c2cb9ea6fb60",
      "spec_version": "2.1",
      "created": "2023-01-06T08:14:01.918Z",
      "modified": "2023-01-06T08:14:01.918Z",
      "extensions": {
        "extension-definition--fb9c968a-745b-4ade-9b25-c324172197f4": {
          "extension_type": "new-sdo"
        }
      },
      "name": "User Execution: Malicious File",
      "technique_id": "T1204.002",
      "description": "The user double clicked on the dropped zip file",
      "confidence": 100,
      "effect_refs": [
        "attack-condition--aad47c8a-4610-4a61-8493-bdfb294972f6"
      ]
    },
    {
      "type": "attack-condition",
      "id": "attack-condition--ee68f51a-7009-460f-b06c-415ccaff65dc",
      "spec_version": "2.1",
      "created": "2023-01-06T08:14:01.918Z",
      "modified": "2023-01-06T08:14:01.918Z",
      "extensions": {
        "extension-definition--fb9c968a-745b-4ade-9b25-c324172197f4": {
          "extension_type": "new-sdo"
        }
      },
      "description": "Malicious file downloaded",
      "on_true_refs": [
        "attack-action--1cfc90fc-4363-48e3-ae47-c2cb9ea6fb60"
      ]
    },
    {
      "type": "attack-action",
      "id": "attack-action--89b4e412-c715-4a2f-b04f-1024d7c3b9c6",
      "spec_version": "2.1",
      "created": "2023-01-06T08:14:01.918Z",
      "modified": "2023-01-06T08:14:01.918Z",
      "extensions": {
        "extension-definition--fb9c968a-745b-4ade-9b25-c324172197f4": {
          "extension_type": "new-sdo"
        }
      },
      "name": "Command and Scripting Interpreter: JavaScript",
      "technique_id": "T1059.007",
      "description": "User double-clicks Javascript file, located within zip, to execute ",
      "confidence": 100,
      "effect_refs": [
        "attack-action--1aa73c1d-cb93-4a7b-9da9-e4eb45d7b8e8"
      ],
      "command_ref": "process--8d0b3e28-b630-4722-825e-ca1b83abb4c4"
    },
    {
      "type": "attack-condition",
      "id": "attack-condition--aad47c8a-4610-4a61-8493-bdfb294972f6",
      "spec_version": "2.1",
      "created": "2023-01-06T08:14:01.918Z",
      "modified": "2023-01-06T08:14:01.918Z",
      "extensions": {
        "extension-definition--fb9c968a-745b-4ade-9b25-c324172197f4": {
          "extension_type": "new-sdo"
        }
      },
      "description": "Zip file opened",
      "on_true_refs": [
        "attack-action--89b4e412-c715-4a2f-b04f-1024d7c3b9c6"
      ]
    },
    {
      "type": "attack-action",
      "id": "attack-action--1aa73c1d-cb93-4a7b-9da9-e4eb45d7b8e8",
      "spec_version": "2.1",
      "created": "2023-01-06T08:14:01.918Z",
      "modified": "2023-01-06T08:14:01.918Z",
      "extensions": {
        "extension-definition--fb9c968a-745b-4ade-9b25-c324172197f4": {
          "extension_type": "new-sdo"
        }
      },
      "name": "Modify Registry",
      "technique_id": "T1112",
      "description": "Gootloader creates two registry keys, the first is populated with an encoded Cobalt Strike payload and the latter stores a .NET loader",
      "confidence": 100,
      "effect_refs": [
        "attack-action--dc97c560-1be2-4a23-96e1-86ae94342358"
      ]
    },
    {
      "type": "tool",
      "id": "tool--7c857e19-3e36-4591-989d-03e6b825c8e8",
      "spec_version": "2.1",
      "created": "2023-01-06T08:14:01.918Z",
      "modified": "2023-01-06T08:14:01.918Z",
      "name": "powershell.dll",
      "description": ".NET loader",
      "tool_types": [
        "exploitation"
      ]
    },
    {
      "type": "attack-action",
      "id": "attack-action--dc97c560-1be2-4a23-96e1-86ae94342358",
      "spec_version": "2.1",
      "created": "2023-01-06T08:14:01.918Z",
      "modified": "2023-01-06T08:14:01.918Z",
      "extensions": {
        "extension-definition--fb9c968a-745b-4ade-9b25-c324172197f4": {
          "extension_type": "new-sdo"
        }
      },
      "name": "Command and Scripting Interpreter: PowerShell",
      "technique_id": "T1059.001",
      "description": "A PowerShell command is issued to extract the .NET loader from the registry and executes the code in memory via Assembly.Load()",
      "confidence": 100,
      "effect_refs": [
        "attack-action--29237ebb-4255-4531-8a2a-91c9418a9ac6"
      ],
      "asset_refs": [
        "attack-asset--81301e03-4550-4453-9390-0ae94066c30d"
      ],
      "command_ref": "process--3fa4fa7a-711d-4419-9112-11fbc8c20589"
    },
    {
      "type": "attack-action",
      "id": "attack-action--29237ebb-4255-4531-8a2a-91c9418a9ac6",
      "spec_version": "2.1",
      "created": "2023-01-06T08:14:01.918Z",
      "modified": "2023-01-06T08:14:01.918Z",
      "extensions": {
        "extension-definition--fb9c968a-745b-4ade-9b25-c324172197f4": {
          "extension_type": "new-sdo"
        }
      },
      "name": "Scheduled Task/Job",
      "technique_id": "T1053",
      "description": "The encoded PowerShell script creates a Scheduled Task that executes when the user logs on to the computer. ",
      "confidence": 100,
      "effect_refs": [
        "attack-action--e8bf52fd-c737-4489-9c7b-018472ed744e"
      ]
    },
    {
      "type": "attack-action",
      "id": "attack-action--e8bf52fd-c737-4489-9c7b-018472ed744e",
      "spec_version": "2.1",
      "created": "2023-01-06T08:14:01.918Z",
      "modified": "2023-01-06T08:14:01.918Z",
      "extensions": {
        "extension-definition--fb9c968a-745b-4ade-9b25-c324172197f4": {
          "extension_type": "new-sdo"
        }
      },
      "name": "System Binary Proxy Execution: Rundll32",
      "technique_id": "T1218.011",
      "description": ".NET loader decodes a Cobalt Strike payload from the registry and loads and executes the payload",
      "confidence": 100,
      "effect_refs": [
        "attack-action--2f8ce138-c255-4a43-aad4-eff29ef7968e",
        "attack-action--8702e9e7-8f4d-40b2-9898-29c92efed749",
        "attack-action--5241139e-43c4-4d7c-9dbc-354e9fabf988"
      ]
    },
    {
      "type": "tool",
      "id": "tool--6571a561-91e7-4521-b26c-ec7b4e789e53",
      "spec_version": "2.1",
      "created": "2023-01-06T08:14:01.918Z",
      "modified": "2023-01-06T08:14:01.918Z",
      "name": "rundll32",
      "description": "Often used to load the Cobalt Strike beacons into memory on the victim machine",
      "tool_types": [
        "exploitation"
      ]
    },
    {
      "type": "attack-action",
      "id": "attack-action--8702e9e7-8f4d-40b2-9898-29c92efed749",
      "spec_version": "2.1",
      "created": "2023-01-06T08:14:01.918Z",
      "modified": "2023-01-06T08:14:01.918Z",
      "extensions": {
        "extension-definition--fb9c968a-745b-4ade-9b25-c324172197f4": {
          "extension_type": "new-sdo"
        }
      },
      "name": "Account Discovery",
      "technique_id": "T1087",
      "description": "The threat actors used Bloodhound on the initial victim computer to enumerate the Active Directory domain ",
      "confidence": 100,
      "effect_refs": [
        "attack-operator--316ccd65-e9e6-417f-aab6-d76dd236ee92"
      ]
    },
    {
      "type": "attack-action",
      "id": "attack-action--2f8ce138-c255-4a43-aad4-eff29ef7968e",
      "spec_version": "2.1",
      "created": "2023-01-06T08:14:01.918Z",
      "modified": "2023-01-06T08:14:01.918Z",
      "extensions": {
        "extension-definition--fb9c968a-745b-4ade-9b25-c324172197f4": {
          "extension_type": "new-sdo"
        }
      },
      "name": "Domain Trust Discovery",
      "technique_id": "T1482",
      "description": "The threat actors used Bloodhound on the initial victim computer to enumerate the Active Directory domain ",
      "confidence": 100,
      "effect_refs": [
        "attack-operator--316ccd65-e9e6-417f-aab6-d76dd236ee92"
      ]
    },
    {
      "type": "attack-action",
      "id": "attack-action--5241139e-43c4-4d7c-9dbc-354e9fabf988",
      "spec_version": "2.1",
      "created": "2023-01-06T08:14:01.918Z",
      "modified": "2023-01-06T08:14:01.918Z",
      "extensions": {
        "extension-definition--fb9c968a-745b-4ade-9b25-c324172197f4": {
          "extension_type": "new-sdo"
        }
      },
      "name": "Group Policy Discovery",
      "technique_id": "T1615",
      "description": "The threat actors used Bloodhound on the initial victim computer to enumerate the Active Directory domain ",
      "confidence": 100,
      "effect_refs": [
        "attack-operator--316ccd65-e9e6-417f-aab6-d76dd236ee92"
      ]
    },
    {
      "type": "attack-operator",
      "id": "attack-operator--316ccd65-e9e6-417f-aab6-d76dd236ee92",
      "spec_version": "2.1",
      "created": "2023-01-06T08:14:01.918Z",
      "modified": "2023-01-06T08:14:01.918Z",
      "extensions": {
        "extension-definition--fb9c968a-745b-4ade-9b25-c324172197f4": {
          "extension_type": "new-sdo"
        }
      },
      "operator": "AND",
      "effect_refs": [
        "attack-action--219e8a53-054f-49d7-ba94-b0c63083d21e"
      ]
    },
    {
      "type": "attack-action",
      "id": "attack-action--219e8a53-054f-49d7-ba94-b0c63083d21e",
      "spec_version": "2.1",
      "created": "2023-01-06T08:14:01.918Z",
      "modified": "2023-01-06T08:14:01.918Z",
      "extensions": {
        "extension-definition--fb9c968a-745b-4ade-9b25-c324172197f4": {
          "extension_type": "new-sdo"
        }
      },
      "name": "Command and Scripting Interpreter: PowerShell ",
      "technique_id": "T1059.001",
      "description": "The attackers then pivoted to nearby workstation host via a Cobalt Strike Powershell beacon ",
      "confidence": 100,
      "effect_refs": [
        "attack-action--dda7f652-9e4c-4785-b0e0-25ac92cf7e0a"
      ],
      "asset_refs": [
        "attack-asset--c0c51db9-6175-41bb-b24e-3004bc80f153"
      ]
    },
    {
      "type": "attack-action",
      "id": "attack-action--27af526a-99d9-4803-9b2e-f586ac27dcfb",
      "spec_version": "2.1",
      "created": "2023-01-06T08:14:01.918Z",
      "modified": "2023-01-06T08:14:01.918Z",
      "extensions": {
        "extension-definition--fb9c968a-745b-4ade-9b25-c324172197f4": {
          "extension_type": "new-sdo"
        }
      },
      "name": "Windows Management Instrumentation/Software Discovery: Security Software Discovery",
      "technique_id": "T1047/T1518.001",
      "description": "WMI used to check for AV software on the 2 compromised computers",
      "confidence": 100,
      "effect_refs": [
        "attack-action--da40e44b-a8d5-42e2-aa73-4be50cbc33a5"
      ]
    },
    {
      "type": "attack-action",
      "id": "attack-action--dda7f652-9e4c-4785-b0e0-25ac92cf7e0a",
      "spec_version": "2.1",
      "created": "2023-01-06T08:14:01.918Z",
      "modified": "2023-01-06T08:14:01.918Z",
      "extensions": {
        "extension-definition--fb9c968a-745b-4ade-9b25-c324172197f4": {
          "extension_type": "new-sdo"
        }
      },
      "name": "Impair Defenses: Disable or Modify Tools",
      "technique_id": "T1562.001",
      "description": "Attackers disabled Windows Defender logs on the Workstation",
      "confidence": 100,
      "effect_refs": [
        "attack-action--87e0d495-959e-47dc-bb2d-3e7e02d281d6"
      ]
    },
    {
      "type": "attack-action",
      "id": "attack-action--87e0d495-959e-47dc-bb2d-3e7e02d281d6",
      "spec_version": "2.1",
      "created": "2023-01-06T08:14:01.918Z",
      "modified": "2023-01-06T08:14:01.918Z",
      "extensions": {
        "extension-definition--fb9c968a-745b-4ade-9b25-c324172197f4": {
          "extension_type": "new-sdo"
        }
      },
      "name": "Command and Scripting Interpreter",
      "technique_id": "T1059",
      "description": "A second Cobalt Strike payload is deployed on the workstation to initiate a second C2 server",
      "confidence": 100,
      "effect_refs": [
        "attack-condition--500893f2-d9fc-48ce-a520-85b344084dc0"
      ]
    },
    {
      "type": "infrastructure",
      "id": "infrastructure--8db8bf96-07e0-4ba1-90e8-37c1fb08f7d9",
      "spec_version": "2.1",
      "created": "2023-01-06T08:14:01.918Z",
      "modified": "2023-01-06T08:14:01.918Z",
      "name": "C2 server",
      "description": "deployed on the workstation through a Cobalt Strike payload",
      "infrastructure_types": [
        "command-and-control"
      ]
    },
    {
      "type": "attack-action",
      "id": "attack-action--da40e44b-a8d5-42e2-aa73-4be50cbc33a5",
      "spec_version": "2.1",
      "created": "2023-01-06T08:14:01.918Z",
      "modified": "2023-01-06T08:14:01.918Z",
      "extensions": {
        "extension-definition--fb9c968a-745b-4ade-9b25-c324172197f4": {
          "extension_type": "new-sdo"
        }
      },
      "name": "Command and Scripting Interpreter: PowerShell ",
      "technique_id": "T1059.001",
      "description": "The malicious PowerShell process used by Gootloader dropped a PowerShell script on the file system.",
      "confidence": 100,
      "effect_refs": [
        "attack-action--d3720beb-e659-4c5a-919d-f413794bfd40"
      ]
    },
    {
      "type": "attack-asset",
      "id": "attack-asset--81301e03-4550-4453-9390-0ae94066c30d",
      "spec_version": "2.1",
      "created": "2023-01-06T08:14:01.918Z",
      "modified": "2023-01-06T08:14:01.918Z",
      "extensions": {
        "extension-definition--fb9c968a-745b-4ade-9b25-c324172197f4": {
          "extension_type": "new-sdo"
        }
      },
      "name": "Initial victim system"
    },
    {
      "type": "attack-asset",
      "id": "attack-asset--c0c51db9-6175-41bb-b24e-3004bc80f153",
      "spec_version": "2.1",
      "created": "2023-01-06T08:14:01.918Z",
      "modified": "2023-01-06T08:14:01.918Z",
      "extensions": {
        "extension-definition--fb9c968a-745b-4ade-9b25-c324172197f4": {
          "extension_type": "new-sdo"
        }
      },
      "name": "Workstation",
      "description": "second victim on the network after the initial victim"
    },
    {
      "type": "attack-condition",
      "id": "attack-condition--500893f2-d9fc-48ce-a520-85b344084dc0",
      "spec_version": "2.1",
      "created": "2023-01-06T08:14:01.918Z",
      "modified": "2023-01-06T08:14:01.918Z",
      "extensions": {
        "extension-definition--fb9c968a-745b-4ade-9b25-c324172197f4": {
          "extension_type": "new-sdo"
        }
      },
      "description": "Workstation compromised",
      "on_true_refs": [
        "attack-action--27af526a-99d9-4803-9b2e-f586ac27dcfb"
      ]
    },
    {
      "type": "attack-action",
      "id": "attack-action--d3720beb-e659-4c5a-919d-f413794bfd40",
      "spec_version": "2.1",
      "created": "2023-01-06T08:14:01.918Z",
      "modified": "2023-01-06T08:14:01.918Z",
      "extensions": {
        "extension-definition--fb9c968a-745b-4ade-9b25-c324172197f4": {
          "extension_type": "new-sdo"
        }
      },
      "name": "Command and Scripting Interpreter: PowerShell ",
      "technique_id": "T1059.001",
      "description": "Another PowerShell command triggers the mi.ps1 script on the initial victim's computer to harvest credentials",
      "confidence": 100,
      "effect_refs": [
        "attack-action--fa506eae-7768-45fb-ad44-6a937b8a7064"
      ]
    },
    {
      "type": "tool",
      "id": "tool--6c367037-c8b3-4334-b1d9-f8be333a0c5b",
      "spec_version": "2.1",
      "created": "2023-01-06T08:14:01.918Z",
      "modified": "2023-01-06T08:14:01.918Z",
      "name": "mi.ps1",
      "description": "output lists \"Invoke-Mimikatz\"; a renamed version of Mimikatz",
      "tool_types": [
        "credential-exploitation"
      ]
    },
    {
      "type": "attack-action",
      "id": "attack-action--fa506eae-7768-45fb-ad44-6a937b8a7064",
      "spec_version": "2.1",
      "created": "2023-01-06T08:14:01.918Z",
      "modified": "2023-01-06T08:14:01.918Z",
      "extensions": {
        "extension-definition--fb9c968a-745b-4ade-9b25-c324172197f4": {
          "extension_type": "new-sdo"
        }
      },
      "name": "Credentials from Password Stores",
      "technique_id": "T1555",
      "description": "The threat actors then ran LaZagne to retrieve all saved credentials from the workstation",
      "confidence": 100,
      "effect_refs": [
        "attack-action--18dc9f3a-7634-42ac-9bdc-9663d4b00727"
      ]
    },
    {
      "type": "tool",
      "id": "tool--7846c7de-9a92-468a-a5ba-7521d1724862",
      "spec_version": "2.1",
      "created": "2023-01-06T08:14:01.918Z",
      "modified": "2023-01-06T08:14:01.918Z",
      "name": "ls.exe",
      "description": "renamed LaZagne; dumps passwords and stores the output file; with admin privileges, it can dump credentials from registry hives",
      "tool_types": [
        "credential-exploitation"
      ]
    },
    {
      "type": "attack-action",
      "id": "attack-action--18dc9f3a-7634-42ac-9bdc-9663d4b00727",
      "spec_version": "2.1",
      "created": "2023-01-06T08:14:01.918Z",
      "modified": "2023-01-06T08:14:01.918Z",
      "extensions": {
        "extension-definition--fb9c968a-745b-4ade-9b25-c324172197f4": {
          "extension_type": "new-sdo"
        }
      },
      "name": "Remote Services: Windows Remote Management",
      "technique_id": "T1021.006",
      "description": "The attackers enabled Restricted Admin Mode through remote WMI. This was allowed because RAM only requires knowledge of the password hash, not the cleartext password",
      "confidence": 100,
      "effect_refs": [
        "attack-action--5142db39-7197-481b-8815-732e39006d77"
      ]
    },
    {
      "type": "attack-action",
      "id": "attack-action--5142db39-7197-481b-8815-732e39006d77",
      "spec_version": "2.1",
      "created": "2023-01-06T08:14:01.918Z",
      "modified": "2023-01-06T08:14:01.918Z",
      "extensions": {
        "extension-definition--fb9c968a-745b-4ade-9b25-c324172197f4": {
          "extension_type": "new-sdo"
        }
      },
      "name": "Remote Services: Remote Desktop Protocol",
      "technique_id": "T1021.001",
      "description": "Using the harvested credentials, the threat actors used RDP to move from the initial victim computer to the compromised workstation in restricted admin mode. ",
      "confidence": 100,
      "effect_refs": [
        "attack-action--d28510ff-ed32-4ff2-be70-133133094f0f"
      ]
    },
    {
      "type": "attack-action",
      "id": "attack-action--d28510ff-ed32-4ff2-be70-133133094f0f",
      "spec_version": "2.1",
      "created": "2023-01-06T08:14:01.918Z",
      "modified": "2023-01-06T08:14:01.918Z",
      "extensions": {
        "extension-definition--fb9c968a-745b-4ade-9b25-c324172197f4": {
          "extension_type": "new-sdo"
        }
      },
      "name": "Impair Defenses: Disable or Modify Tools",
      "technique_id": "T1562.001",
      "description": "Microsoft Defender Scheduled Tasks Deleted",
      "confidence": 100,
      "effect_refs": [
        "attack-condition--8ef7edb8-c2d5-476a-90be-26f40b18f88e"
      ]
    },
    {
      "type": "attack-action",
      "id": "attack-action--82d244af-b5a4-44dc-93a1-704f401e0a3d",
      "spec_version": "2.1",
      "created": "2023-01-06T08:14:01.918Z",
      "modified": "2023-01-06T08:14:01.918Z",
      "extensions": {
        "extension-definition--fb9c968a-745b-4ade-9b25-c324172197f4": {
          "extension_type": "new-sdo"
        }
      },
      "name": "Remote Services: SMB/Windows Admin Shares",
      "technique_id": " T1021.002",
      "description": "SMB was used to transfer Cobalt Strike payload executables to 3 additional workstations. ",
      "confidence": 100,
      "effect_refs": [
        "attack-condition--4b7e1b0e-8cf6-405f-989d-797c9bcb9b39"
      ]
    },
    {
      "type": "attack-condition",
      "id": "attack-condition--8ef7edb8-c2d5-476a-90be-26f40b18f88e",
      "spec_version": "2.1",
      "created": "2023-01-06T08:14:01.918Z",
      "modified": "2023-01-06T08:14:01.918Z",
      "extensions": {
        "extension-definition--fb9c968a-745b-4ade-9b25-c324172197f4": {
          "extension_type": "new-sdo"
        }
      },
      "description": "Attackers attempted to move laterally by targeting 3 additional workstations",
      "on_true_refs": [
        "attack-action--82d244af-b5a4-44dc-93a1-704f401e0a3d"
      ]
    },
    {
      "type": "attack-condition",
      "id": "attack-condition--4b7e1b0e-8cf6-405f-989d-797c9bcb9b39",
      "spec_version": "2.1",
      "created": "2023-01-06T08:14:01.918Z",
      "modified": "2023-01-06T08:14:01.918Z",
      "extensions": {
        "extension-definition--fb9c968a-745b-4ade-9b25-c324172197f4": {
          "extension_type": "new-sdo"
        }
      },
      "description": "Attackers compromised 3 additional workstations",
      "on_true_refs": [
        "attack-action--64563afb-79af-405b-a335-7d296ea271b7"
      ]
    },
    {
      "type": "attack-action",
      "id": "attack-action--64563afb-79af-405b-a335-7d296ea271b7",
      "spec_version": "2.1",
      "created": "2023-01-06T08:14:01.918Z",
      "modified": "2023-01-06T08:14:01.918Z",
      "extensions": {
        "extension-definition--fb9c968a-745b-4ade-9b25-c324172197f4": {
          "extension_type": "new-sdo"
        }
      },
      "name": "Remote Services: Windows Remote Management",
      "technique_id": "T1021.006",
      "description": "The attackers enabled Restricted Admin Mode via remote WMI",
      "confidence": 100,
      "effect_refs": [
        "attack-action--11de041a-0431-46dd-be9c-94b7bbc80f49"
      ]
    },
    {
      "type": "attack-action",
      "id": "attack-action--11de041a-0431-46dd-be9c-94b7bbc80f49",
      "spec_version": "2.1",
      "created": "2023-01-06T08:14:01.918Z",
      "modified": "2023-01-06T08:14:01.918Z",
      "extensions": {
        "extension-definition--fb9c968a-745b-4ade-9b25-c324172197f4": {
          "extension_type": "new-sdo"
        }
      },
      "name": "Remote Services: Remote Desktop Protocol",
      "technique_id": "T1021.001",
      "description": "The attackers logged into the Domain Controller through RDP",
      "confidence": 100,
      "effect_refs": [
        "attack-action--bb12a865-13bc-49b6-b377-c05be7f5d3dd",
        "attack-action--b6ad86e3-05a1-429c-9bef-b586f4661752",
        "attack-action--3766b6f9-bfd9-4553-8dc8-af1235b4a375"
      ],
      "asset_refs": [
        "attack-asset--65b57872-f256-4a43-9e37-039cde9d3bfe"
      ]
    },
    {
      "type": "attack-action",
      "id": "attack-action--bb12a865-13bc-49b6-b377-c05be7f5d3dd",
      "spec_version": "2.1",
      "created": "2023-01-06T08:14:01.918Z",
      "modified": "2023-01-06T08:14:01.918Z",
      "extensions": {
        "extension-definition--fb9c968a-745b-4ade-9b25-c324172197f4": {
          "extension_type": "new-sdo"
        }
      },
      "name": "Command and Scripting Interpreter: PowerShell ",
      "technique_id": "T1059.001",
      "description": "PowerShell used to execute Cobalt Strike PowerShell payload",
      "confidence": 100,
      "effect_refs": [
        "attack-operator--cef61f91-75a3-4f12-8e4f-f289813a7a2d"
      ]
    },
    {
      "type": "attack-action",
      "id": "attack-action--b6ad86e3-05a1-429c-9bef-b586f4661752",
      "spec_version": "2.1",
      "created": "2023-01-06T08:14:01.918Z",
      "modified": "2023-01-06T08:14:01.918Z",
      "extensions": {
        "extension-definition--fb9c968a-745b-4ade-9b25-c324172197f4": {
          "extension_type": "new-sdo"
        }
      },
      "name": "Impair Defenses: Disable or Modify Tools",
      "technique_id": "T1562.001",
      "description": "Microsoft Defender Scheduled Tasks Deleted",
      "confidence": 100,
      "effect_refs": [
        "attack-operator--cef61f91-75a3-4f12-8e4f-f289813a7a2d"
      ]
    },
    {
      "type": "attack-action",
      "id": "attack-action--3766b6f9-bfd9-4553-8dc8-af1235b4a375",
      "spec_version": "2.1",
      "created": "2023-01-06T08:14:01.918Z",
      "modified": "2023-01-06T08:14:01.918Z",
      "extensions": {
        "extension-definition--fb9c968a-745b-4ade-9b25-c324172197f4": {
          "extension_type": "new-sdo"
        }
      },
      "name": "Credentials from Password Stores",
      "technique_id": "T1555",
      "description": "LaZagne dropped and executed",
      "confidence": 100,
      "effect_refs": [
        "attack-operator--cef61f91-75a3-4f12-8e4f-f289813a7a2d"
      ]
    },
    {
      "type": "attack-operator",
      "id": "attack-operator--cef61f91-75a3-4f12-8e4f-f289813a7a2d",
      "spec_version": "2.1",
      "created": "2023-01-06T08:14:01.918Z",
      "modified": "2023-01-06T08:14:01.918Z",
      "extensions": {
        "extension-definition--fb9c968a-745b-4ade-9b25-c324172197f4": {
          "extension_type": "new-sdo"
        }
      },
      "operator": "AND",
      "effect_refs": [
        "attack-action--a795f05e-bf22-4af4-ab28-b0ad647d9bfb"
      ]
    },
    {
      "type": "attack-action",
      "id": "attack-action--fb419879-57a9-4e9a-bb0f-ae375b316a05",
      "spec_version": "2.1",
      "created": "2023-01-06T08:14:01.918Z",
      "modified": "2023-01-06T08:14:01.918Z",
      "extensions": {
        "extension-definition--fb9c968a-745b-4ade-9b25-c324172197f4": {
          "extension_type": "new-sdo"
        }
      },
      "name": "Data from Network Shared Drive",
      "technique_id": "T1039",
      "description": "The attackers then accessed documents on the file share server interactively through wordpad.exe from the initial victim's computer",
      "confidence": 100,
      "effect_refs": [
        "attack-condition--b154446e-0aed-4ce2-9720-8d7d12a868b9"
      ]
    },
    {
      "type": "attack-action",
      "id": "attack-action--a795f05e-bf22-4af4-ab28-b0ad647d9bfb",
      "spec_version": "2.1",
      "created": "2023-01-06T08:14:01.919Z",
      "modified": "2023-01-06T08:14:01.919Z",
      "extensions": {
        "extension-definition--fb9c968a-745b-4ade-9b25-c324172197f4": {
          "extension_type": "new-sdo"
        }
      },
      "name": "Remote Services: Remote Desktop Protocol",
      "technique_id": "T1021.001",
      "description": "The attackers logged into the File Share Server through RDP from the initial victim's computer",
      "confidence": 100,
      "effect_refs": [
        "attack-action--5bced297-0612-40f0-8a91-7d05bd05c283",
        "attack-action--b8382f9f-a15d-411c-b62d-b2f4b4db2dc4",
        "attack-action--2e0949bc-505a-47f2-94b4-2b98bc1756a8"
      ],
      "asset_refs": [
        "attack-asset--7eef049a-d1d6-43b3-9b60-ec228df8ec8a"
      ]
    },
    {
      "type": "attack-action",
      "id": "attack-action--5bced297-0612-40f0-8a91-7d05bd05c283",
      "spec_version": "2.1",
      "created": "2023-01-06T08:14:01.919Z",
      "modified": "2023-01-06T08:14:01.919Z",
      "extensions": {
        "extension-definition--fb9c968a-745b-4ade-9b25-c324172197f4": {
          "extension_type": "new-sdo"
        }
      },
      "name": "Command and Scripting Interpreter: PowerShell ",
      "technique_id": "T1059.001",
      "description": "PowerShell used to execute Cobalt Strike PowerShell payload",
      "confidence": 100,
      "effect_refs": [
        "attack-operator--7762966a-ce27-424d-b3ed-36f1a9f03f00"
      ]
    },
    {
      "type": "attack-action",
      "id": "attack-action--b8382f9f-a15d-411c-b62d-b2f4b4db2dc4",
      "spec_version": "2.1",
      "created": "2023-01-06T08:14:01.919Z",
      "modified": "2023-01-06T08:14:01.919Z",
      "extensions": {
        "extension-definition--fb9c968a-745b-4ade-9b25-c324172197f4": {
          "extension_type": "new-sdo"
        }
      },
      "name": "Impair Defenses: Disable or Modify Tools",
      "technique_id": "T1562.001",
      "description": "Microsoft Defender Scheduled Tasks Deleted",
      "confidence": 100,
      "effect_refs": [
        "attack-operator--7762966a-ce27-424d-b3ed-36f1a9f03f00"
      ]
    },
    {
      "type": "attack-action",
      "id": "attack-action--2e0949bc-505a-47f2-94b4-2b98bc1756a8",
      "spec_version": "2.1",
      "created": "2023-01-06T08:14:01.919Z",
      "modified": "2023-01-06T08:14:01.919Z",
      "extensions": {
        "extension-definition--fb9c968a-745b-4ade-9b25-c324172197f4": {
          "extension_type": "new-sdo"
        }
      },
      "name": "Remote Services: Windows Remote Management",
      "technique_id": "T1021.006",
      "description": "The attackers enabled Restricted Admin Mode via remote WMI",
      "confidence": 100,
      "effect_refs": [
        "attack-operator--7762966a-ce27-424d-b3ed-36f1a9f03f00"
      ]
    },
    {
      "type": "attack-operator",
      "id": "attack-operator--7762966a-ce27-424d-b3ed-36f1a9f03f00",
      "spec_version": "2.1",
      "created": "2023-01-06T08:14:01.919Z",
      "modified": "2023-01-06T08:14:01.919Z",
      "extensions": {
        "extension-definition--fb9c968a-745b-4ade-9b25-c324172197f4": {
          "extension_type": "new-sdo"
        }
      },
      "operator": "AND",
      "effect_refs": [
        "attack-action--fb419879-57a9-4e9a-bb0f-ae375b316a05"
      ]
    },
    {
      "type": "attack-asset",
      "id": "attack-asset--7eef049a-d1d6-43b3-9b60-ec228df8ec8a",
      "spec_version": "2.1",
      "created": "2023-01-06T08:14:01.919Z",
      "modified": "2023-01-06T08:14:01.919Z",
      "extensions": {
        "extension-definition--fb9c968a-745b-4ade-9b25-c324172197f4": {
          "extension_type": "new-sdo"
        }
      },
      "name": "File Share Server"
    },
    {
      "type": "tool",
      "id": "tool--bb66727f-e4d1-4829-86c5-12ad493336ec",
      "spec_version": "2.1",
      "created": "2023-01-06T08:14:01.919Z",
      "modified": "2023-01-06T08:14:01.919Z",
      "name": "wordpad.exe",
      "tool_types": [
        "unknown"
      ]
    },
    {
      "type": "attack-condition",
      "id": "attack-condition--b154446e-0aed-4ce2-9720-8d7d12a868b9",
      "spec_version": "2.1",
      "created": "2023-01-06T08:14:01.919Z",
      "modified": "2023-01-06T08:14:01.919Z",
      "extensions": {
        "extension-definition--fb9c968a-745b-4ade-9b25-c324172197f4": {
          "extension_type": "new-sdo"
        }
      },
      "description": "Attackers enumerated and opened multiple files and file shares",
      "on_true_refs": [
        "attack-action--a5f7f950-d331-4574-9762-7789b4869bd3"
      ]
    },
    {
      "type": "attack-action",
      "id": "attack-action--a5f7f950-d331-4574-9762-7789b4869bd3",
      "spec_version": "2.1",
      "created": "2023-01-06T08:14:01.919Z",
      "modified": "2023-01-06T08:14:01.919Z",
      "extensions": {
        "extension-definition--fb9c968a-745b-4ade-9b25-c324172197f4": {
          "extension_type": "new-sdo"
        }
      },
      "name": "Network Service Discovery",
      "technique_id": "T1046",
      "description": "From the Domain Controller, attackers ran an Advanced IP Scanner",
      "confidence": 100,
      "effect_refs": [
        "attack-action--7326e71a-4664-4842-9800-f0088335b16e"
      ]
    },
    {
      "type": "tool",
      "id": "tool--3cfeebe3-b88e-430d-a1e3-f6bd387a60a3",
      "spec_version": "2.1",
      "created": "2023-01-06T08:14:01.919Z",
      "modified": "2023-01-06T08:14:01.919Z",
      "name": "advanced_ip_scanner.exe",
      "description": "Advanced IP Scanner used to scan the following ports: 21, 80, 135, 443, 445, 3389, 8080, 56133, 58000, 58157, 58294, 58682, 60234, 60461, 64502",
      "tool_types": [
        "information-gathering"
      ]
    },
    {
      "type": "attack-action",
      "id": "attack-action--7326e71a-4664-4842-9800-f0088335b16e",
      "spec_version": "2.1",
      "created": "2023-01-06T08:14:01.919Z",
      "modified": "2023-01-06T08:14:01.919Z",
      "extensions": {
        "extension-definition--fb9c968a-745b-4ade-9b25-c324172197f4": {
          "extension_type": "new-sdo"
        }
      },
      "name": "Data from Network Shared Drive",
      "technique_id": "T1039",
      "description": "The file server SMB shares were accessed from the Domain Controller",
      "confidence": 100,
      "effect_refs": [
        "attack-action--22c3d3a1-894f-4785-8658-a66987ecb789"
      ]
    },
    {
      "type": "attack-action",
      "id": "attack-action--22c3d3a1-894f-4785-8658-a66987ecb789",
      "spec_version": "2.1",
      "created": "2023-01-06T08:14:01.919Z",
      "modified": "2023-01-06T08:14:01.919Z",
      "extensions": {
        "extension-definition--fb9c968a-745b-4ade-9b25-c324172197f4": {
          "extension_type": "new-sdo"
        }
      },
      "name": "Remote Services: Remote Desktop Protocol",
      "technique_id": "T1021.001",
      "description": "RDP Connection to Backup Server and File Server to look for more interesting files",
      "effect_refs": [
        "attack-condition--2623a5c3-db56-4de4-9a59-2b7f106ca8ca"
      ],
      "asset_refs": [
        "attack-asset--12bb42df-28c8-45e7-898b-f449434f5d73"
      ]
    },
    {
      "type": "attack-condition",
      "id": "attack-condition--2623a5c3-db56-4de4-9a59-2b7f106ca8ca",
      "spec_version": "2.1",
      "created": "2023-01-06T08:14:01.919Z",
      "modified": "2023-01-06T08:14:01.919Z",
      "extensions": {
        "extension-definition--fb9c968a-745b-4ade-9b25-c324172197f4": {
          "extension_type": "new-sdo"
        }
      },
      "description": "Attackers left the network"
    },
    {
      "type": "attack-asset",
      "id": "attack-asset--12bb42df-28c8-45e7-898b-f449434f5d73",
      "spec_version": "2.1",
      "created": "2023-01-06T08:14:01.919Z",
      "modified": "2023-01-06T08:14:01.919Z",
      "extensions": {
        "extension-definition--fb9c968a-745b-4ade-9b25-c324172197f4": {
          "extension_type": "new-sdo"
        }
      },
      "name": "Backup Server"
    },
    {
      "type": "url",
      "id": "url--39f9c637-8955-479d-9f8a-5ffdff0c0c96",
      "spec_version": "2.1",
      "created": "2023-01-06T08:14:01.919Z",
      "modified": "2023-01-06T08:14:01.919Z",
      "value": "kakiosk.adsparkdev.com"
    },
    {
      "type": "ipv4-address",
      "id": "ipv4-address--10b7013e-3184-4641-b099-af0d1a734892",
      "spec_version": "2.1",
      "created": "2023-01-06T08:14:01.919Z",
      "modified": "2023-01-06T08:14:01.919Z",
      "value": "35.206.117.64"
    },
    {
      "type": "file",
      "id": "file--d662d1c7-188c-421c-b808-de93ef92074e",
      "spec_version": "2.1",
      "created": "2023-01-06T08:14:01.919Z",
      "modified": "2023-01-06T08:14:01.919Z",
      "name": "olympus_plea_agreement 34603.js"
    },
    {
      "type": "process",
      "id": "process--8d0b3e28-b630-4722-825e-ca1b83abb4c4",
      "spec_version": "2.1",
      "created": "2023-01-06T08:14:01.919Z",
      "modified": "2023-01-06T08:14:01.919Z",
      "command_line": "WScript.exe olympus_plea_agreement 34603.js"
    },
    {
      "type": "windows-registry-key",
      "id": "windows-registry-key--3b4722c7-03e5-4e86-b50b-e322ab589d15",
      "spec_version": "2.1",
      "created": "2023-01-06T08:14:01.919Z",
      "modified": "2023-01-06T08:14:01.919Z",
      "key": "HKCU:\\SOFTWARE\\Microsoft\\Phone\\Username",
      "values": [
        "encoded Cobalt Strike payload"
      ]
    },
    {
      "type": "windows-registry-key",
      "id": "windows-registry-key--7f5e21f3-bded-4e6b-a827-ff0ffc5cc5d2",
      "spec_version": "2.1",
      "created": "2023-01-06T08:14:01.919Z",
      "modified": "2023-01-06T08:14:01.919Z",
      "key": "HKCU:\\SOFTWARE\\Microsoft\\Phone\\Username0 ",
      "values": [
        "powershell.dll"
      ]
    },
    {
      "type": "process",
      "id": "process--3fa4fa7a-711d-4419-9112-11fbc8c20589",
      "spec_version": "2.1",
      "created": "2023-01-06T08:14:01.919Z",
      "modified": "2023-01-06T08:14:01.919Z",
      "command_line": "\"powershell.exe\" /c C:\\Windows\\SysWOW64\\WindowsPowerShell\\v1.0\\powershell.exe \"/\"e\" NgAxA\"..."
    },
    {
      "type": "url",
      "id": "url--bd0a5164-885e-490e-a16c-2a4d4cd1b336",
      "spec_version": "2.1",
      "created": "2023-01-06T08:14:01.919Z",
      "modified": "2023-01-06T08:14:01.919Z",
      "value": "jp.imonitorsoft.com"
    },
    {
      "type": "url",
      "id": "url--5886aa17-c1c4-418a-8cba-99a4dc690c49",
      "spec_version": "2.1",
      "created": "2023-01-06T08:14:01.919Z",
      "modified": "2023-01-06T08:14:01.919Z",
      "value": "junk-bros.com"
    },
    {
      "type": "malware",
      "id": "malware--b196d9aa-f36a-4c60-9d1a-a6f4c83d701a",
      "spec_version": "2.1",
      "created": "2023-01-06T08:14:01.919Z",
      "modified": "2023-01-06T08:14:01.919Z",
      "name": "Cobalt Strike beacons",
      "malware_types": [
        "exploit-kit"
      ],
      "is_family": true,
      "capabilities": [
        "accesses-remote-machines",
        "communicates-with-c2",
        "escalates-privileges",
        "exfiltrates-data",
        "fingerprints-host",
        "installs-other-components",
        "probes-network-environment",
        "steals-authentication-credentials"
      ]
    },
    {
      "type": "malware",
      "id": "malware--b33e35e5-4965-4c5a-ba80-61d0ea42da8a",
      "spec_version": "2.1",
      "created": "2023-01-06T08:14:01.919Z",
      "modified": "2023-01-06T08:14:01.919Z",
      "name": "Bloodhound",
      "description": "PowerShell implementation of SharpHound that enumerates AD",
      "malware_types": [
        "unknown"
      ],
      "is_family": true,
      "capabilities": [
        "probes-network-environment",
        "fingerprints-host"
      ]
    },
    {
      "type": "malware",
      "id": "malware--cfa476db-7c0a-48b4-a863-4a1282e15213",
      "spec_version": "2.1",
      "created": "2023-01-06T08:14:01.919Z",
      "modified": "2023-01-06T08:14:01.919Z",
      "name": "Cobalt Strike beacons",
      "malware_types": [
        "exploit-kit"
      ],
      "is_family": true,
      "capabilities": [
        "accesses-remote-machines",
        "communicates-with-c2",
        "escalates-privileges",
        "exfiltrates-data",
        "fingerprints-host",
        "installs-other-components",
        "probes-network-environment",
        "steals-authentication-credentials"
      ]
    },
    {
      "type": "malware",
      "id": "malware--8dc0a8b4-4b85-4098-9dfb-f30fa0c29509",
      "spec_version": "2.1",
      "created": "2023-01-06T08:14:01.919Z",
      "modified": "2023-01-06T08:14:01.919Z",
      "name": "Cobalt Strike payload",
      "malware_types": [
        "exploit-kit"
      ],
      "is_family": true,
      "capabilities": [
        "accesses-remote-machines",
        "communicates-with-c2",
        "escalates-privileges",
        "exfiltrates-data",
        "fingerprints-host",
        "installs-other-components",
        "probes-network-environment",
        "steals-authentication-credentials"
      ]
    },
    {
      "type": "tool",
      "id": "tool--c53ca03a-ecaa-4fee-8fb3-efaa3fa6d0c6",
      "spec_version": "2.1",
      "created": "2023-01-06T08:14:01.919Z",
      "modified": "2023-01-06T08:14:01.919Z",
      "name": "WMI",
      "description": "checks for AV software",
      "tool_types": [
        "information-gathering"
      ]
    },
    {
      "type": "file",
      "id": "file--5d763214-5788-414f-bbec-73bc67f4f630",
      "spec_version": "2.1",
      "created": "2023-01-06T08:14:01.919Z",
      "modified": "2023-01-06T08:14:01.919Z",
      "name": "mi.ps1"
    },
    {
      "type": "tool",
      "id": "tool--7244bd51-edd5-4f1c-baac-fa4ff1b82e12",
      "spec_version": "2.1",
      "created": "2023-01-06T08:14:01.919Z",
      "modified": "2023-01-06T08:14:01.919Z",
      "name": "PowerShell",
      "description": "Used by attacker to drop additional malware",
      "tool_types": [
        "exploitation"
      ]
    },
    {
      "type": "network-traffic",
      "id": "network-traffic--3afce39b-a96f-4597-b1d6-1a3c7cdb00c8",
      "spec_version": "2.1",
      "created": "2023-01-06T08:14:01.919Z",
      "modified": "2023-01-06T08:14:01.919Z",
      "protocols": [
        "RDP"
      ]
    },
    {
      "type": "malware",
      "id": "malware--20f289c4-1965-4d80-83ef-4e82687bb5a6",
      "spec_version": "2.1",
      "created": "2023-01-06T08:14:01.919Z",
      "modified": "2023-01-06T08:14:01.919Z",
      "name": "Cobalt Strike beacons",
      "description": "payload beacons were dropped to several additional workstations",
      "malware_types": [
        "exploit-kit"
      ],
      "is_family": true,
      "capabilities": [
        "accesses-remote-machines",
        "communicates-with-c2",
        "escalates-privileges",
        "exfiltrates-data",
        "fingerprints-host",
        "installs-other-components",
        "probes-network-environment",
        "steals-authentication-credentials"
      ]
    },
    {
      "type": "note",
      "id": "note--4dd0468a-5d07-42ab-9ea7-6cff956b0a6c",
      "spec_version": "2.1",
      "created": "2023-01-06T08:14:01.919Z",
      "modified": "2023-01-06T08:14:01.919Z",
      "content": "No additional activity was observed on the additional workstations once this lateral movement occurred",
      "authors": [
        "Lauren Parker"
      ],
      "object_refs": [
        "attack-action--82d244af-b5a4-44dc-93a1-704f401e0a3d"
      ]
    },
    {
      "type": "network-traffic",
      "id": "network-traffic--5a4b7ed6-1fa7-4f1b-8523-e285ee7c51a6",
      "spec_version": "2.1",
      "created": "2023-01-06T08:14:01.919Z",
      "modified": "2023-01-06T08:14:01.919Z",
      "protocols": [
        "SMB"
      ]
    },
    {
      "type": "attack-asset",
      "id": "attack-asset--65b57872-f256-4a43-9e37-039cde9d3bfe",
      "spec_version": "2.1",
      "created": "2023-01-06T08:14:01.919Z",
      "modified": "2023-01-06T08:14:01.919Z",
      "extensions": {
        "extension-definition--fb9c968a-745b-4ade-9b25-c324172197f4": {
          "extension_type": "new-sdo"
        }
      },
      "name": "Domain Controller"
    },
    {
      "type": "network-traffic",
      "id": "network-traffic--30b34858-65b4-4cc0-a70f-c18453fe6655",
      "spec_version": "2.1",
      "created": "2023-01-06T08:14:01.919Z",
      "modified": "2023-01-06T08:14:01.919Z",
      "protocols": [
        "RDP"
      ]
    },
    {
      "type": "malware",
      "id": "malware--6a211c94-20fd-44be-9567-e2c78b833f9c",
      "spec_version": "2.1",
      "created": "2023-01-06T08:14:01.919Z",
      "modified": "2023-01-06T08:14:01.919Z",
      "name": "Cobalt Strike payload",
      "malware_types": [
        "exploit-kit"
      ],
      "is_family": true,
      "capabilities": [
        "accesses-remote-machines",
        "communicates-with-c2",
        "escalates-privileges",
        "exfiltrates-data",
        "fingerprints-host",
        "installs-other-components",
        "probes-network-environment",
        "steals-authentication-credentials"
      ]
    },
    {
      "type": "tool",
      "id": "tool--2a65e5da-193b-4969-9f84-a915b6ea4a8a",
      "spec_version": "2.1",
      "created": "2023-01-06T08:14:01.919Z",
      "modified": "2023-01-06T08:14:01.919Z",
      "name": "ls.exe",
      "description": "renamed LaZagne; dumps passwords and stores the output file; with admin privileges, it can dump credentials from registry hives",
      "tool_types": [
        "credential-exploitation"
      ]
    },
    {
      "type": "network-traffic",
      "id": "network-traffic--bc288ceb-f614-4536-abbd-7a0cd0a4bfad",
      "spec_version": "2.1",
      "created": "2023-01-06T08:14:01.919Z",
      "modified": "2023-01-06T08:14:01.919Z",
      "protocols": [
        "RDP"
      ]
    },
    {
      "type": "malware",
      "id": "malware--135904f1-5ae4-48e4-a043-ec65e18837e3",
      "spec_version": "2.1",
      "created": "2023-01-06T08:14:01.919Z",
      "modified": "2023-01-06T08:14:01.919Z",
      "name": "Cobalt Strike payload",
      "malware_types": [
        "exploit-kit"
      ],
      "is_family": true,
      "capabilities": [
        "accesses-remote-machines",
        "communicates-with-c2",
        "escalates-privileges",
        "exfiltrates-data",
        "fingerprints-host",
        "installs-other-components",
        "probes-network-environment",
        "steals-authentication-credentials"
      ]
    },
    {
      "type": "network-traffic",
      "id": "network-traffic--7de33012-c401-47ba-9b57-a54de883a1d6",
      "spec_version": "2.1",
      "created": "2023-01-06T08:14:01.919Z",
      "modified": "2023-01-06T08:14:01.919Z",
      "protocols": [
        "RDP"
      ]
    },
    {
      "type": "network-traffic",
      "id": "network-traffic--38b8bf43-dc85-4cbd-a382-2dde63401faf",
      "spec_version": "2.1",
      "created": "2023-01-06T08:14:01.919Z",
      "modified": "2023-01-06T08:14:01.919Z",
      "protocols": [
        "SMB"
      ]
    },
    {
      "type": "relationship",
      "id": "relationship--fca217f9-73c5-4002-a6b4-19301b3beec3",
      "spec_version": "2.1",
      "created": "2023-01-06T08:14:01.919Z",
      "modified": "2023-01-06T08:14:01.919Z",
      "relationship_type": "related-to",
      "source_ref": "attack-action--b8cd023a-4f26-43cc-ac71-38f90533cf2d",
      "target_ref": "url--39f9c637-8955-479d-9f8a-5ffdff0c0c96"
    },
    {
      "type": "relationship",
      "id": "relationship--d43a2be8-cafd-4fec-9c39-8fb0a660329a",
      "spec_version": "2.1",
      "created": "2023-01-06T08:14:01.919Z",
      "modified": "2023-01-06T08:14:01.919Z",
      "relationship_type": "related-to",
      "source_ref": "attack-action--b8cd023a-4f26-43cc-ac71-38f90533cf2d",
      "target_ref": "url--bd0a5164-885e-490e-a16c-2a4d4cd1b336"
    },
    {
      "type": "relationship",
      "id": "relationship--4f2341df-6612-45d7-bc15-c85a792dc8e0",
      "spec_version": "2.1",
      "created": "2023-01-06T08:14:01.919Z",
      "modified": "2023-01-06T08:14:01.919Z",
      "relationship_type": "related-to",
      "source_ref": "attack-action--b8cd023a-4f26-43cc-ac71-38f90533cf2d",
      "target_ref": "url--5886aa17-c1c4-418a-8cba-99a4dc690c49"
    },
    {
      "type": "relationship",
      "id": "relationship--ead28042-c13e-47bb-b0ef-06d2a20cb090",
      "spec_version": "2.1",
      "created": "2023-01-06T08:14:01.919Z",
      "modified": "2023-01-06T08:14:01.919Z",
      "relationship_type": "related-to",
      "source_ref": "attack-action--89b4e412-c715-4a2f-b04f-1024d7c3b9c6",
      "target_ref": "file--d662d1c7-188c-421c-b808-de93ef92074e"
    },
    {
      "type": "relationship",
      "id": "relationship--5f83daa9-72c4-4a0f-a985-07e5b4cdfe0f",
      "spec_version": "2.1",
      "created": "2023-01-06T08:14:01.919Z",
      "modified": "2023-01-06T08:14:01.919Z",
      "relationship_type": "related-to",
      "source_ref": "attack-action--1aa73c1d-cb93-4a7b-9da9-e4eb45d7b8e8",
      "target_ref": "windows-registry-key--3b4722c7-03e5-4e86-b50b-e322ab589d15"
    },
    {
      "type": "relationship",
      "id": "relationship--763d656a-40e1-4b64-8343-f88064204ab5",
      "spec_version": "2.1",
      "created": "2023-01-06T08:14:01.919Z",
      "modified": "2023-01-06T08:14:01.919Z",
      "relationship_type": "related-to",
      "source_ref": "attack-action--1aa73c1d-cb93-4a7b-9da9-e4eb45d7b8e8",
      "target_ref": "windows-registry-key--7f5e21f3-bded-4e6b-a827-ff0ffc5cc5d2"
    },
    {
      "type": "relationship",
      "id": "relationship--17f91351-ea4f-4f08-8fea-55104a414619",
      "spec_version": "2.1",
      "created": "2023-01-06T08:14:01.919Z",
      "modified": "2023-01-06T08:14:01.919Z",
      "relationship_type": "related-to",
      "source_ref": "attack-action--1aa73c1d-cb93-4a7b-9da9-e4eb45d7b8e8",
      "target_ref": "tool--7c857e19-3e36-4591-989d-03e6b825c8e8"
    },
    {
      "type": "relationship",
      "id": "relationship--69b971a0-b0ff-4c63-b7eb-b3c6644fa343",
      "spec_version": "2.1",
      "created": "2023-01-06T08:14:01.919Z",
      "modified": "2023-01-06T08:14:01.919Z",
      "relationship_type": "related-to",
      "source_ref": "attack-action--e8bf52fd-c737-4489-9c7b-018472ed744e",
      "target_ref": "tool--6571a561-91e7-4521-b26c-ec7b4e789e53"
    },
    {
      "type": "relationship",
      "id": "relationship--f3087708-9caa-4738-948f-60fa97e6956f",
      "spec_version": "2.1",
      "created": "2023-01-06T08:14:01.919Z",
      "modified": "2023-01-06T08:14:01.919Z",
      "relationship_type": "related-to",
      "source_ref": "attack-action--e8bf52fd-c737-4489-9c7b-018472ed744e",
      "target_ref": "malware--b196d9aa-f36a-4c60-9d1a-a6f4c83d701a"
    },
    {
      "type": "relationship",
      "id": "relationship--1ce02a74-c4b1-4284-a900-714154ba6bec",
      "spec_version": "2.1",
      "created": "2023-01-06T08:14:01.919Z",
      "modified": "2023-01-06T08:14:01.919Z",
      "relationship_type": "related-to",
      "source_ref": "attack-action--8702e9e7-8f4d-40b2-9898-29c92efed749",
      "target_ref": "malware--b33e35e5-4965-4c5a-ba80-61d0ea42da8a"
    },
    {
      "type": "relationship",
      "id": "relationship--f4870048-ed37-42b8-9274-e566490fc626",
      "spec_version": "2.1",
      "created": "2023-01-06T08:14:01.919Z",
      "modified": "2023-01-06T08:14:01.919Z",
      "relationship_type": "related-to",
      "source_ref": "attack-action--2f8ce138-c255-4a43-aad4-eff29ef7968e",
      "target_ref": "malware--b33e35e5-4965-4c5a-ba80-61d0ea42da8a"
    },
    {
      "type": "relationship",
      "id": "relationship--3062791f-c2bc-4edc-b307-5d745f0ccc4f",
      "spec_version": "2.1",
      "created": "2023-01-06T08:14:01.919Z",
      "modified": "2023-01-06T08:14:01.919Z",
      "relationship_type": "related-to",
      "source_ref": "attack-action--5241139e-43c4-4d7c-9dbc-354e9fabf988",
      "target_ref": "malware--b33e35e5-4965-4c5a-ba80-61d0ea42da8a"
    },
    {
      "type": "relationship",
      "id": "relationship--aafa9bfc-9f13-441d-b33b-49d8f398d1ee",
      "spec_version": "2.1",
      "created": "2023-01-06T08:14:01.919Z",
      "modified": "2023-01-06T08:14:01.919Z",
      "relationship_type": "related-to",
      "source_ref": "attack-action--219e8a53-054f-49d7-ba94-b0c63083d21e",
      "target_ref": "malware--cfa476db-7c0a-48b4-a863-4a1282e15213"
    },
    {
      "type": "relationship",
      "id": "relationship--8f0fa3aa-c515-4ceb-8112-12632c591c18",
      "spec_version": "2.1",
      "created": "2023-01-06T08:14:01.919Z",
      "modified": "2023-01-06T08:14:01.919Z",
      "relationship_type": "related-to",
      "source_ref": "attack-action--27af526a-99d9-4803-9b2e-f586ac27dcfb",
      "target_ref": "tool--c53ca03a-ecaa-4fee-8fb3-efaa3fa6d0c6"
    },
    {
      "type": "relationship",
      "id": "relationship--e6a34476-bb5f-44bd-bca3-5ca0643f0086",
      "spec_version": "2.1",
      "created": "2023-01-06T08:14:01.919Z",
      "modified": "2023-01-06T08:14:01.919Z",
      "relationship_type": "related-to",
      "source_ref": "attack-action--87e0d495-959e-47dc-bb2d-3e7e02d281d6",
      "target_ref": "infrastructure--8db8bf96-07e0-4ba1-90e8-37c1fb08f7d9"
    },
    {
      "type": "relationship",
      "id": "relationship--f5540e7c-0a6a-4dab-aefc-e8dc98ac76de",
      "spec_version": "2.1",
      "created": "2023-01-06T08:14:01.919Z",
      "modified": "2023-01-06T08:14:01.919Z",
      "relationship_type": "related-to",
      "source_ref": "attack-action--87e0d495-959e-47dc-bb2d-3e7e02d281d6",
      "target_ref": "malware--8dc0a8b4-4b85-4098-9dfb-f30fa0c29509"
    },
    {
      "type": "relationship",
      "id": "relationship--da607568-a759-45e7-88ab-dde232e35dc3",
      "spec_version": "2.1",
      "created": "2023-01-06T08:14:01.919Z",
      "modified": "2023-01-06T08:14:01.919Z",
      "relationship_type": "related-to",
      "source_ref": "attack-action--da40e44b-a8d5-42e2-aa73-4be50cbc33a5",
      "target_ref": "file--5d763214-5788-414f-bbec-73bc67f4f630"
    },
    {
      "type": "relationship",
      "id": "relationship--3f1682f7-6147-4231-826e-3606ceca39e9",
      "spec_version": "2.1",
      "created": "2023-01-06T08:14:01.919Z",
      "modified": "2023-01-06T08:14:01.919Z",
      "relationship_type": "related-to",
      "source_ref": "attack-action--da40e44b-a8d5-42e2-aa73-4be50cbc33a5",
      "target_ref": "tool--7244bd51-edd5-4f1c-baac-fa4ff1b82e12"
    },
    {
      "type": "relationship",
      "id": "relationship--5d0e88be-9377-4b3c-b864-59e625dea370",
      "spec_version": "2.1",
      "created": "2023-01-06T08:14:01.919Z",
      "modified": "2023-01-06T08:14:01.919Z",
      "relationship_type": "related-to",
      "source_ref": "attack-action--d3720beb-e659-4c5a-919d-f413794bfd40",
      "target_ref": "tool--6c367037-c8b3-4334-b1d9-f8be333a0c5b"
    },
    {
      "type": "relationship",
      "id": "relationship--c1d3c4a3-9757-48e5-9c49-917f0d932b1b",
      "spec_version": "2.1",
      "created": "2023-01-06T08:14:01.919Z",
      "modified": "2023-01-06T08:14:01.919Z",
      "relationship_type": "related-to",
      "source_ref": "attack-action--fa506eae-7768-45fb-ad44-6a937b8a7064",
      "target_ref": "tool--7846c7de-9a92-468a-a5ba-7521d1724862"
    },
    {
      "type": "relationship",
      "id": "relationship--d8a91e71-0195-43fa-9138-ea98781e1275",
      "spec_version": "2.1",
      "created": "2023-01-06T08:14:01.920Z",
      "modified": "2023-01-06T08:14:01.920Z",
      "relationship_type": "related-to",
      "source_ref": "attack-action--5142db39-7197-481b-8815-732e39006d77",
      "target_ref": "network-traffic--3afce39b-a96f-4597-b1d6-1a3c7cdb00c8"
    },
    {
      "type": "relationship",
      "id": "relationship--2b1072c1-0648-4b98-b264-0791e79e0f95",
      "spec_version": "2.1",
      "created": "2023-01-06T08:14:01.920Z",
      "modified": "2023-01-06T08:14:01.920Z",
      "relationship_type": "related-to",
      "source_ref": "attack-action--82d244af-b5a4-44dc-93a1-704f401e0a3d",
      "target_ref": "malware--20f289c4-1965-4d80-83ef-4e82687bb5a6"
    },
    {
      "type": "relationship",
      "id": "relationship--c32796d5-7a3c-43d9-bc09-a0e5f8cb4cf2",
      "spec_version": "2.1",
      "created": "2023-01-06T08:14:01.920Z",
      "modified": "2023-01-06T08:14:01.920Z",
      "relationship_type": "related-to",
      "source_ref": "attack-action--82d244af-b5a4-44dc-93a1-704f401e0a3d",
      "target_ref": "network-traffic--5a4b7ed6-1fa7-4f1b-8523-e285ee7c51a6"
    },
    {
      "type": "relationship",
      "id": "relationship--b9fec8a3-a585-4a7e-a455-84c70858e28d",
      "spec_version": "2.1",
      "created": "2023-01-06T08:14:01.920Z",
      "modified": "2023-01-06T08:14:01.920Z",
      "relationship_type": "related-to",
      "source_ref": "attack-action--11de041a-0431-46dd-be9c-94b7bbc80f49",
      "target_ref": "network-traffic--30b34858-65b4-4cc0-a70f-c18453fe6655"
    },
    {
      "type": "relationship",
      "id": "relationship--8fb5ffef-66d5-4a3d-90c6-35075d01e220",
      "spec_version": "2.1",
      "created": "2023-01-06T08:14:01.920Z",
      "modified": "2023-01-06T08:14:01.920Z",
      "relationship_type": "related-to",
      "source_ref": "attack-action--bb12a865-13bc-49b6-b377-c05be7f5d3dd",
      "target_ref": "malware--6a211c94-20fd-44be-9567-e2c78b833f9c"
    },
    {
      "type": "relationship",
      "id": "relationship--340c0fe2-cf89-4bf0-aece-d54a16f64931",
      "spec_version": "2.1",
      "created": "2023-01-06T08:14:01.920Z",
      "modified": "2023-01-06T08:14:01.920Z",
      "relationship_type": "related-to",
      "source_ref": "attack-action--3766b6f9-bfd9-4553-8dc8-af1235b4a375",
      "target_ref": "tool--2a65e5da-193b-4969-9f84-a915b6ea4a8a"
    },
    {
      "type": "relationship",
      "id": "relationship--2a1c0272-70ae-410e-bed8-3de121ccf697",
      "spec_version": "2.1",
      "created": "2023-01-06T08:14:01.920Z",
      "modified": "2023-01-06T08:14:01.920Z",
      "relationship_type": "related-to",
      "source_ref": "attack-action--fb419879-57a9-4e9a-bb0f-ae375b316a05",
      "target_ref": "tool--bb66727f-e4d1-4829-86c5-12ad493336ec"
    },
    {
      "type": "relationship",
      "id": "relationship--88db129e-bd1b-4f5e-8fa3-2ab5db56be72",
      "spec_version": "2.1",
      "created": "2023-01-06T08:14:01.920Z",
      "modified": "2023-01-06T08:14:01.920Z",
      "relationship_type": "related-to",
      "source_ref": "attack-action--a795f05e-bf22-4af4-ab28-b0ad647d9bfb",
      "target_ref": "network-traffic--bc288ceb-f614-4536-abbd-7a0cd0a4bfad"
    },
    {
      "type": "relationship",
      "id": "relationship--361e343a-4c34-46e8-9c50-70aae93456e1",
      "spec_version": "2.1",
      "created": "2023-01-06T08:14:01.920Z",
      "modified": "2023-01-06T08:14:01.920Z",
      "relationship_type": "related-to",
      "source_ref": "attack-action--5bced297-0612-40f0-8a91-7d05bd05c283",
      "target_ref": "malware--135904f1-5ae4-48e4-a043-ec65e18837e3"
    },
    {
      "type": "relationship",
      "id": "relationship--0a8fe830-cc53-463f-a38a-d414634c6c90",
      "spec_version": "2.1",
      "created": "2023-01-06T08:14:01.920Z",
      "modified": "2023-01-06T08:14:01.920Z",
      "relationship_type": "related-to",
      "source_ref": "attack-action--a5f7f950-d331-4574-9762-7789b4869bd3",
      "target_ref": "tool--3cfeebe3-b88e-430d-a1e3-f6bd387a60a3"
    },
    {
      "type": "relationship",
      "id": "relationship--9d6138f8-df17-4ff0-b033-07ddc688620c",
      "spec_version": "2.1",
      "created": "2023-01-06T08:14:01.920Z",
      "modified": "2023-01-06T08:14:01.920Z",
      "relationship_type": "related-to",
      "source_ref": "attack-action--7326e71a-4664-4842-9800-f0088335b16e",
      "target_ref": "network-traffic--38b8bf43-dc85-4cbd-a382-2dde63401faf"
    },
    {
      "type": "relationship",
      "id": "relationship--88f725a0-64e1-49f7-9a2a-4ce9b7908d8d",
      "spec_version": "2.1",
      "created": "2023-01-06T08:14:01.920Z",
      "modified": "2023-01-06T08:14:01.920Z",
      "relationship_type": "related-to",
      "source_ref": "attack-action--22c3d3a1-894f-4785-8658-a66987ecb789",
      "target_ref": "network-traffic--7de33012-c401-47ba-9b57-a54de883a1d6"
    },
    {
      "type": "relationship",
      "id": "relationship--38c445dc-4eaa-434a-a54b-55f158cefcac",
      "spec_version": "2.1",
      "created": "2023-01-06T08:14:01.920Z",
      "modified": "2023-01-06T08:14:01.920Z",
      "relationship_type": "related-to",
      "source_ref": "url--39f9c637-8955-479d-9f8a-5ffdff0c0c96",
      "target_ref": "ipv4-address--10b7013e-3184-4641-b099-af0d1a734892"
    },
    {
      "type": "relationship",
      "id": "relationship--0bf7727b-b651-497d-a766-2c8d5b5db271",
      "spec_version": "2.1",
      "created": "2023-01-06T08:14:01.920Z",
      "modified": "2023-01-06T08:14:01.920Z",
      "relationship_type": "related-to",
      "source_ref": "url--bd0a5164-885e-490e-a16c-2a4d4cd1b336",
      "target_ref": "ipv4-address--10b7013e-3184-4641-b099-af0d1a734892"
    },
    {
      "type": "relationship",
      "id": "relationship--af8facd3-5669-439c-962b-730dcf29829b",
      "spec_version": "2.1",
      "created": "2023-01-06T08:14:01.920Z",
      "modified": "2023-01-06T08:14:01.920Z",
      "relationship_type": "related-to",
      "source_ref": "url--5886aa17-c1c4-418a-8cba-99a4dc690c49",
      "target_ref": "ipv4-address--10b7013e-3184-4641-b099-af0d1a734892"
    }
  ]
}