{
  "type": "bundle",
  "id": "bundle--76826729-ea98-45e4-b49f-7a9b3b86b7cd",
  "spec_version": "2.1",
  "created": "2022-12-22T22:09:57.949Z",
  "modified": "2022-12-22T22:09:57.949Z",
  "objects": [
    {
      "type": "extension-definition",
      "id": "extension-definition--fb9c968a-745b-4ade-9b25-c324172197f4",
      "spec_version": "2.1",
      "created": "2022-08-02T19:34:35.143Z",
      "modified": "2022-08-02T19:34:35.143Z",
      "name": "Attack Flow",
      "description": "Extends STIX 2.1 with features to create Attack Flows.",
      "created_by_ref": "identity--fb9c968a-745b-4ade-9b25-c324172197f4",
      "schema": "https://center-for-threat-informed-defense.github.io/attack-flow/stix/attack-flow-schema-2.0.0.json",
      "version": "2.0.0",
      "extension_types": [
        "new-sdo"
      ],
      "external_references": [
        {
          "source_name": "Documentation",
          "description": "Documentation for Attack Flow",
          "url": "https://center-for-threat-informed-defense.github.io/attack-flow"
        },
        {
          "source_name": "GitHub",
          "description": "Source code repository for Attack Flow",
          "url": "https://github.com/center-for-threat-informed-defense/attack-flow"
        }
      ]
    },
    {
      "type": "identity",
      "id": "identity--fb9c968a-745b-4ade-9b25-c324172197f4",
      "spec_version": "2.1",
      "created": "2022-08-02T19:34:35.143Z",
      "modified": "2022-08-02T19:34:35.143Z",
      "create_by_ref": "identity--fb9c968a-745b-4ade-9b25-c324172197f4",
      "name": "MITRE Engenuity Center for Threat-Informed Defense",
      "identity_class": "organization"
    },
    {
      "type": "attack-flow",
      "id": "attack-flow--1a3307e2-1efe-448d-b052-e30bef5d1093",
      "spec_version": "2.1",
      "created": "2022-10-27T02:44:54.520Z",
      "modified": "2022-12-22T22:09:57.949Z",
      "extensions": {
        "extension-definition--fb9c968a-745b-4ade-9b25-c324172197f4": {
          "extension_type": "new-sdo"
        }
      },
      "created_by_ref": "identity--b7cc1724-de6e-4259-8b21-606f9ef97c4e",
      "start_refs": [
        "attack-action--0fc122a5-7f3b-4a0d-81b4-f841e1d01e1c"
      ],
      "name": "Hancitor DLL",
      "description": "Attack flow on an intrusion using the Hancitor downloader.",
      "author": [
        [
          "name",
          "Eric Kannampuzha"
        ],
        [
          "identity_class",
          "23b79ae0fc0f07a3669598dd23c694cc"
        ],
        [
          "contact_information",
          "ekannampuzha@mitre.org"
        ]
      ],
      "scope": "incident",
      "external_references": [
        {
          "source_name": "DFIR",
          "description": "Report",
          "url": "https://thedfirreport.com/2021/11/01/from-zero-to-domain-admin/"
        }
      ]
    },
    {
      "type": "identity",
      "id": "identity--b7cc1724-de6e-4259-8b21-606f9ef97c4e",
      "spec_version": "2.1",
      "created": "2022-12-22T22:09:57.949Z",
      "modified": "2022-12-22T22:09:57.949Z",
      "name": "Eric Kannampuzha",
      "identity_class": "individual",
      "contact_information": "ekannampuzha@mitre.org"
    },
    {
      "type": "attack-action",
      "id": "attack-action--0fc122a5-7f3b-4a0d-81b4-f841e1d01e1c",
      "spec_version": "2.1",
      "created": "2022-12-22T22:09:57.949Z",
      "modified": "2022-12-22T22:09:57.949Z",
      "extensions": {
        "extension-definition--fb9c968a-745b-4ade-9b25-c324172197f4": {
          "extension_type": "new-sdo"
        }
      },
      "name": "Phishing: Spearphishing Link",
      "technique_id": "T1566.002",
      "description": "Email campaign aimed to trick the user into enabling macros on a malicious document; delivered via a link to Google's Feed Proxy service",
      "confidence": 100,
      "effect_refs": [
        "attack-action--1d851bc1-c568-463d-8e5e-270e997a65bd"
      ]
    },
    {
      "type": "infrastructure",
      "id": "infrastructure--9dc784c0-f64e-41c6-815f-d515675071f6",
      "spec_version": "2.1",
      "created": "2022-12-22T22:09:57.949Z",
      "modified": "2022-12-22T22:09:57.949Z",
      "name": "Google's Feed Proxy service",
      "description": "hosted the malicious document",
      "infrastructure_types": [
        "anonymization"
      ]
    },
    {
      "type": "attack-action",
      "id": "attack-action--1d851bc1-c568-463d-8e5e-270e997a65bd",
      "spec_version": "2.1",
      "created": "2022-12-22T22:09:57.949Z",
      "modified": "2022-12-22T22:09:57.949Z",
      "extensions": {
        "extension-definition--fb9c968a-745b-4ade-9b25-c324172197f4": {
          "extension_type": "new-sdo"
        }
      },
      "name": "User Execution: Malicious File",
      "technique_id": "T1204.002",
      "description": "User enabled macros",
      "confidence": 100,
      "effect_refs": [
        "attack-action--7f226db5-d7a2-4af5-aa98-b2bc3bac699a"
      ]
    },
    {
      "type": "attack-action",
      "id": "attack-action--7f226db5-d7a2-4af5-aa98-b2bc3bac699a",
      "spec_version": "2.1",
      "created": "2022-12-22T22:09:57.949Z",
      "modified": "2022-12-22T22:09:57.949Z",
      "extensions": {
        "extension-definition--fb9c968a-745b-4ade-9b25-c324172197f4": {
          "extension_type": "new-sdo"
        }
      },
      "name": "Command and Scripting Interpreter: Visual Basic",
      "technique_id": "T1059.005",
      "description": "Macro downloads ier.dll and executes it",
      "confidence": 100,
      "effect_refs": [
        "attack-action--8ec450fa-b704-40d2-8560-94d5a8fd677a"
      ]
    },
    {
      "type": "attack-action",
      "id": "attack-action--8ec450fa-b704-40d2-8560-94d5a8fd677a",
      "spec_version": "2.1",
      "created": "2022-12-22T22:09:57.949Z",
      "modified": "2022-12-22T22:09:57.949Z",
      "extensions": {
        "extension-definition--fb9c968a-745b-4ade-9b25-c324172197f4": {
          "extension_type": "new-sdo"
        }
      },
      "name": "System Binary Proxy Execution: Rundll32",
      "technique_id": "T1218.011",
      "description": "ier.dll executed",
      "confidence": 100,
      "effect_refs": [
        "attack-action--5d55cc3d-c059-4937-a4c6-c1b5a48c3fc1"
      ]
    },
    {
      "type": "attack-action",
      "id": "attack-action--5d55cc3d-c059-4937-a4c6-c1b5a48c3fc1",
      "spec_version": "2.1",
      "created": "2022-12-22T22:09:57.949Z",
      "modified": "2022-12-22T22:09:57.949Z",
      "extensions": {
        "extension-definition--fb9c968a-745b-4ade-9b25-c324172197f4": {
          "extension_type": "new-sdo"
        }
      },
      "name": "Ingress Tool Transfer",
      "technique_id": "T1105",
      "description": "Hancitor downloaded 2 Cobalt Strike payloads (including a stager) and Ficker Stealer",
      "confidence": 100,
      "effect_refs": [
        "attack-action--264c553e-266e-4143-983b-35bee0e23a63"
      ]
    },
    {
      "type": "infrastructure",
      "id": "infrastructure--246d0643-cd96-4eef-9ceb-e198a3780450",
      "spec_version": "2.1",
      "created": "2022-12-22T22:09:57.949Z",
      "modified": "2022-12-22T22:09:57.949Z",
      "name": "Stager",
      "description": "IP address of C2 associated with stager",
      "infrastructure_types": [
        "command-and-control",
        "staging"
      ]
    },
    {
      "type": "infrastructure",
      "id": "infrastructure--050084ef-b861-4ebb-9269-c28b064268b3",
      "spec_version": "2.1",
      "created": "2022-12-22T22:09:57.949Z",
      "modified": "2022-12-22T22:09:57.949Z",
      "name": "C2",
      "description": "IP address/URL of C2 that downloaded the additional tools",
      "infrastructure_types": [
        "command-and-control",
        "hosting-malware"
      ]
    },
    {
      "type": "attack-action",
      "id": "attack-action--264c553e-266e-4143-983b-35bee0e23a63",
      "spec_version": "2.1",
      "created": "2022-12-22T22:09:57.949Z",
      "modified": "2022-12-22T22:09:57.949Z",
      "extensions": {
        "extension-definition--fb9c968a-745b-4ade-9b25-c324172197f4": {
          "extension_type": "new-sdo"
        }
      },
      "name": "Process Injection",
      "technique_id": "T1055",
      "description": "Multiple instances of svchost.exe launched and injected with Cobalt Strike",
      "confidence": 100,
      "effect_refs": [
        "attack-condition--a2793461-43b8-4b30-966f-71295f564b75"
      ]
    },
    {
      "type": "tool",
      "id": "tool--ad23cf1d-72aa-40d7-a66a-4e95305cb0ed",
      "spec_version": "2.1",
      "created": "2022-12-22T22:09:57.949Z",
      "modified": "2022-12-22T22:09:57.949Z",
      "name": "svchost.exe",
      "description": "process injection with Cobalt Strike",
      "tool_types": [
        "unknown"
      ]
    },
    {
      "type": "attack-action",
      "id": "attack-action--8e7ad5b8-2be1-4629-8de0-86fa2de39abf",
      "spec_version": "2.1",
      "created": "2022-12-22T22:09:57.949Z",
      "modified": "2022-12-22T22:09:57.949Z",
      "extensions": {
        "extension-definition--fb9c968a-745b-4ade-9b25-c324172197f4": {
          "extension_type": "new-sdo"
        }
      },
      "name": "Gather Victim Network Information",
      "technique_id": "T1590",
      "description": "rundll32.exe used for port scanning, discovery commands, ping, and enumerated local access",
      "confidence": 100,
      "asset_refs": [
        "attack-asset--0a475772-457b-41b5-a1e6-dde74e56b10a",
        "attack-asset--de81d71c-8f3f-43db-9d07-c03f5937e028",
        "attack-asset--435e40bd-19a7-4099-8a32-0c268760b218",
        "attack-asset--e4fb987f-6460-40a3-9a6a-bc66641eaf47"
      ],
      "effect_refs": [
        "attack-action--d53ce876-ead2-4d68-a864-e340bdc1aa31"
      ]
    },
    {
      "type": "attack-asset",
      "id": "attack-asset--435e40bd-19a7-4099-8a32-0c268760b218",
      "spec_version": "2.1",
      "created": "2022-12-22T22:09:57.949Z",
      "modified": "2022-12-22T22:09:57.949Z",
      "extensions": {
        "extension-definition--fb9c968a-745b-4ade-9b25-c324172197f4": {
          "extension_type": "new-sdo"
        }
      },
      "name": "Port Scanning",
      "description": "scanned SMB, TCP 5000, TCP 9392, and TCP 6106. Actors were looking for backup products Synology, Backup Exec, and Veeam"
    },
    {
      "type": "attack-asset",
      "id": "attack-asset--0a475772-457b-41b5-a1e6-dde74e56b10a",
      "spec_version": "2.1",
      "created": "2022-12-22T22:09:57.949Z",
      "modified": "2022-12-22T22:09:57.949Z",
      "extensions": {
        "extension-definition--fb9c968a-745b-4ade-9b25-c324172197f4": {
          "extension_type": "new-sdo"
        }
      },
      "name": "Discovery commands",
      "description": "Attackers looked for domain controllers, administrators, connectivity checks, and other items."
    },
    {
      "type": "attack-asset",
      "id": "attack-asset--de81d71c-8f3f-43db-9d07-c03f5937e028",
      "spec_version": "2.1",
      "created": "2022-12-22T22:09:57.949Z",
      "modified": "2022-12-22T22:09:57.949Z",
      "extensions": {
        "extension-definition--fb9c968a-745b-4ade-9b25-c324172197f4": {
          "extension_type": "new-sdo"
        }
      },
      "name": "Ping",
      "description": "Actors pinged 190.114.254.116 and used the IP later in the attack",
      "object_ref": "ipv4-addr--8c8019bc-8d35-48de-b21f-6b3293b7a82f"
    },
    {
      "type": "attack-asset",
      "id": "attack-asset--e4fb987f-6460-40a3-9a6a-bc66641eaf47",
      "spec_version": "2.1",
      "created": "2022-12-22T22:09:57.949Z",
      "modified": "2022-12-22T22:09:57.949Z",
      "extensions": {
        "extension-definition--fb9c968a-745b-4ade-9b25-c324172197f4": {
          "extension_type": "new-sdo"
        }
      },
      "name": "Enumerated local administrative access",
      "description": "Attackers enumerated local admin access on remote systems by checking the C$ share for hosts discovered after the port scan"
    },
    {
      "type": "attack-action",
      "id": "attack-action--d53ce876-ead2-4d68-a864-e340bdc1aa31",
      "spec_version": "2.1",
      "created": "2022-12-22T22:09:57.949Z",
      "modified": "2022-12-22T22:09:57.949Z",
      "extensions": {
        "extension-definition--fb9c968a-745b-4ade-9b25-c324172197f4": {
          "extension_type": "new-sdo"
        }
      },
      "name": "Ingress Tool Transfer",
      "technique_id": "T1105",
      "description": "Hancitor downloaded Cobalt Strike DLL and batch file on victim machine",
      "confidence": 100,
      "effect_refs": [
        "attack-action--615f4282-5407-44e4-b0e1-b68198baadd3"
      ]
    },
    {
      "type": "infrastructure",
      "id": "infrastructure--ea1c5706-9374-48ab-bf54-5c1572b4c4ac",
      "spec_version": "2.1",
      "created": "2022-12-22T22:09:57.949Z",
      "modified": "2022-12-22T22:09:57.949Z",
      "name": "C2 for Cobalt Strike beacons",
      "description": "C2 associated with the Cobalt Strike beacon",
      "infrastructure_types": [
        "command-and-control"
      ]
    },
    {
      "type": "tool",
      "id": "tool--7df9e692-418b-4d07-81bc-bd16693656b0",
      "spec_version": "2.1",
      "created": "2022-12-22T22:09:57.949Z",
      "modified": "2022-12-22T22:09:57.949Z",
      "name": "cor.bat",
      "description": "batch file that executes the Cobalt Strike DLL using rundll32.exe with a specific parameter",
      "tool_types": [
        "exploitation"
      ]
    },
    {
      "type": "attack-action",
      "id": "attack-action--615f4282-5407-44e4-b0e1-b68198baadd3",
      "spec_version": "2.1",
      "created": "2022-12-22T22:09:57.949Z",
      "modified": "2022-12-22T22:09:57.949Z",
      "extensions": {
        "extension-definition--fb9c968a-745b-4ade-9b25-c324172197f4": {
          "extension_type": "new-sdo"
        }
      },
      "name": "Virtualization/Sandbox Evasion",
      "technique_id": "T1497",
      "description": "Cobalt Strike DLL stager does not run unless it is given a specific command line parameter",
      "confidence": 100,
      "effect_refs": [
        "attack-action--6c4ed453-8eec-4b2b-9ff0-5b45edb1a804"
      ]
    },
    {
      "type": "attack-condition",
      "id": "attack-condition--a2793461-43b8-4b30-966f-71295f564b75",
      "spec_version": "2.1",
      "created": "2022-12-22T22:09:57.949Z",
      "modified": "2022-12-22T22:09:57.949Z",
      "extensions": {
        "extension-definition--fb9c968a-745b-4ade-9b25-c324172197f4": {
          "extension_type": "new-sdo"
        }
      },
      "description": "Multiple instances of rundll32.exe spawning svchost.exe and svchost.exe spawning cmd.exe",
      "on_true_refs": [
        "attack-action--8e7ad5b8-2be1-4629-8de0-86fa2de39abf"
      ]
    },
    {
      "type": "attack-action",
      "id": "attack-action--6c4ed453-8eec-4b2b-9ff0-5b45edb1a804",
      "spec_version": "2.1",
      "created": "2022-12-22T22:09:57.949Z",
      "modified": "2022-12-22T22:09:57.949Z",
      "extensions": {
        "extension-definition--fb9c968a-745b-4ade-9b25-c324172197f4": {
          "extension_type": "new-sdo"
        }
      },
      "name": "System Binary Proxy Execution: Rundll32",
      "technique_id": "T1218.011",
      "description": "cor.dll executed",
      "confidence": 100,
      "effect_refs": [
        "attack-action--8c95b74c-07b8-4277-989f-ff499ff32ae4"
      ]
    },
    {
      "type": "attack-action",
      "id": "attack-action--9c595315-eb12-4643-85be-33986d8c031b",
      "spec_version": "2.1",
      "created": "2022-12-22T22:09:57.949Z",
      "modified": "2022-12-22T22:09:57.949Z",
      "extensions": {
        "extension-definition--fb9c968a-745b-4ade-9b25-c324172197f4": {
          "extension_type": "new-sdo"
        }
      },
      "name": "Command and Scripting Interpreter: PowerShell",
      "technique_id": "T1059.001",
      "description": "PowerShell loader deobfuscates shellcode and runs it in memory as a thread in the same PowerShell process; shellcode includes a PE file embedded inside",
      "confidence": 100,
      "effect_refs": [
        "attack-action--75818fd9-2ca6-43b1-9dd7-08be16fec19c"
      ]
    },
    {
      "type": "tool",
      "id": "tool--9f0f8035-5d6a-44e8-8c66-125db8a30a25",
      "spec_version": "2.1",
      "created": "2022-12-22T22:09:57.949Z",
      "modified": "2022-12-22T22:09:57.949Z",
      "name": "agent1.ps1",
      "description": "PowerShell loader",
      "tool_types": [
        "unknown"
      ]
    },
    {
      "type": "attack-action",
      "id": "attack-action--8c95b74c-07b8-4277-989f-ff499ff32ae4",
      "spec_version": "2.1",
      "created": "2022-12-22T22:09:57.949Z",
      "modified": "2022-12-22T22:09:57.949Z",
      "extensions": {
        "extension-definition--fb9c968a-745b-4ade-9b25-c324172197f4": {
          "extension_type": "new-sdo"
        }
      },
      "name": "Obfuscated Files or Information",
      "technique_id": "T1027",
      "description": "Base64-encoded PowerShell dropped onto the machine",
      "confidence": 100,
      "effect_refs": [
        "attack-action--9c595315-eb12-4643-85be-33986d8c031b"
      ]
    },
    {
      "type": "attack-action",
      "id": "attack-action--75818fd9-2ca6-43b1-9dd7-08be16fec19c",
      "spec_version": "2.1",
      "created": "2022-12-22T22:09:57.949Z",
      "modified": "2022-12-22T22:09:57.949Z",
      "extensions": {
        "extension-definition--fb9c968a-745b-4ade-9b25-c324172197f4": {
          "extension_type": "new-sdo"
        }
      },
      "name": "Ingress Tool Transfer",
      "technique_id": "T1105",
      "description": "PE file is loaded into memory and executed; beacons out at regular intervals to C2 server for instructions",
      "confidence": 100,
      "effect_refs": [
        "attack-action--15d89326-a900-4881-9811-5881bd05fb1d"
      ]
    },
    {
      "type": "tool",
      "id": "tool--30bce16b-b3a2-4efe-9024-3a26d7df320c",
      "spec_version": "2.1",
      "created": "2022-12-22T22:09:57.949Z",
      "modified": "2022-12-22T22:09:57.949Z",
      "name": "PE file",
      "tool_types": [
        "unknown"
      ]
    },
    {
      "type": "infrastructure",
      "id": "infrastructure--5cb78035-4d30-4c6e-bc3b-458b3c19fb4e",
      "spec_version": "2.1",
      "created": "2022-12-22T22:09:57.949Z",
      "modified": "2022-12-22T22:09:57.949Z",
      "name": "C2 server",
      "infrastructure_types": [
        "command-and-control"
      ]
    },
    {
      "type": "attack-action",
      "id": "attack-action--15d89326-a900-4881-9811-5881bd05fb1d",
      "spec_version": "2.1",
      "created": "2022-12-22T22:09:57.949Z",
      "modified": "2022-12-22T22:09:57.949Z",
      "extensions": {
        "extension-definition--fb9c968a-745b-4ade-9b25-c324172197f4": {
          "extension_type": "new-sdo"
        }
      },
      "name": "Obfuscated Files or Information: Compile After Delivery",
      "technique_id": "T1027.004",
      "description": "Visual C# Command Line Compiler invoked by PowerShell script; most likely instructions that the PE file retrieved from the C2 server",
      "confidence": 100,
      "effect_refs": [
        "attack-action--ba5d97f4-f1d8-4a42-8634-a43483c57389"
      ]
    },
    {
      "type": "attack-action",
      "id": "attack-action--ba5d97f4-f1d8-4a42-8634-a43483c57389",
      "spec_version": "2.1",
      "created": "2022-12-22T22:09:57.949Z",
      "modified": "2022-12-22T22:09:57.949Z",
      "extensions": {
        "extension-definition--fb9c968a-745b-4ade-9b25-c324172197f4": {
          "extension_type": "new-sdo"
        }
      },
      "name": "Ingress Tool Transfer",
      "technique_id": "T1105",
      "description": "Attacker used a custom implementation of Zerologon",
      "confidence": 100,
      "effect_refs": [
        "attack-action--5c8d3aac-79ac-4ef8-81dd-7046b5355e9c"
      ]
    },
    {
      "type": "vulnerability",
      "id": "vulnerability--2b660706-ac74-475d-af2d-7be8315a9056",
      "spec_version": "2.1",
      "created": "2022-12-22T22:09:57.949Z",
      "modified": "2022-12-22T22:09:57.949Z",
      "name": "CVE-2020-1472"
    },
    {
      "type": "tool",
      "id": "tool--22800f67-08d5-42ce-95cf-1b39eff410c1",
      "spec_version": "2.1",
      "created": "2022-12-22T22:09:57.949Z",
      "modified": "2022-12-22T22:09:57.949Z",
      "name": "zero.exe",
      "description": "custom implementation of Zerologon",
      "tool_types": [
        "unknown"
      ]
    },
    {
      "type": "attack-action",
      "id": "attack-action--5c8d3aac-79ac-4ef8-81dd-7046b5355e9c",
      "spec_version": "2.1",
      "created": "2022-12-22T22:09:57.949Z",
      "modified": "2022-12-22T22:09:57.949Z",
      "extensions": {
        "extension-definition--fb9c968a-745b-4ade-9b25-c324172197f4": {
          "extension_type": "new-sdo"
        }
      },
      "name": "Exploitation for Credential Access",
      "technique_id": "T1212",
      "description": "Zero.exe executes and obtains the NTLM hash of a Domain Administrator account",
      "confidence": 100,
      "effect_refs": [
        "attack-action--42530d17-73ed-4f57-86f4-de1b3f85eae1"
      ]
    },
    {
      "type": "attack-action",
      "id": "attack-action--42530d17-73ed-4f57-86f4-de1b3f85eae1",
      "spec_version": "2.1",
      "created": "2022-12-22T22:09:57.949Z",
      "modified": "2022-12-22T22:09:57.949Z",
      "extensions": {
        "extension-definition--fb9c968a-745b-4ade-9b25-c324172197f4": {
          "extension_type": "new-sdo"
        }
      },
      "name": "Use Alternate Authentication Material: Pass the Hash",
      "technique_id": "T1550.002",
      "description": "Attackers use the Domain Administrator's NTLM hash to authenticate to other domain controllers",
      "confidence": 100,
      "effect_refs": [
        "attack-action--75aac24f-ecf5-4981-9349-2e1d9c9eb38a"
      ]
    },
    {
      "type": "attack-action",
      "id": "attack-action--75aac24f-ecf5-4981-9349-2e1d9c9eb38a",
      "spec_version": "2.1",
      "created": "2022-12-22T22:09:57.949Z",
      "modified": "2022-12-22T22:09:57.949Z",
      "extensions": {
        "extension-definition--fb9c968a-745b-4ade-9b25-c324172197f4": {
          "extension_type": "new-sdo"
        }
      },
      "name": "Ingress Tool Transfer",
      "technique_id": "T1105",
      "description": "Attackers deployed Cobalt Strike beacons on the domain controllers",
      "confidence": 100,
      "effect_refs": [
        "attack-action--93d9e541-add1-4515-b288-b163a60efea4"
      ]
    },
    {
      "type": "attack-action",
      "id": "attack-action--858fd8b8-6914-4c92-9a7d-66277e7224e4",
      "spec_version": "2.1",
      "created": "2022-12-22T22:09:57.949Z",
      "modified": "2022-12-22T22:09:57.949Z",
      "extensions": {
        "extension-definition--fb9c968a-745b-4ade-9b25-c324172197f4": {
          "extension_type": "new-sdo"
        }
      },
      "name": "Command and Scripting Interpreter: PowerShell",
      "technique_id": "T1059.001",
      "description": "PowerShell executed on every Domain Controller and used the Active Directory RSAT module to get a list of computers and compiled this list into a file",
      "confidence": 100,
      "effect_refs": [
        "attack-action--c0a8d30d-8908-49ea-be12-61e7dc39c9a8"
      ]
    },
    {
      "type": "tool",
      "id": "tool--3380b981-3dae-4b0e-9fd9-9abee266f383",
      "spec_version": "2.1",
      "created": "2022-12-22T22:09:57.949Z",
      "modified": "2022-12-22T22:09:57.949Z",
      "name": "comp2.ps1",
      "description": "PowerShell script; uses the file with the  enumerated list of computers",
      "tool_types": [
        "information-gathering"
      ]
    },
    {
      "type": "attack-action",
      "id": "attack-action--c0a8d30d-8908-49ea-be12-61e7dc39c9a8",
      "spec_version": "2.1",
      "created": "2022-12-22T22:09:57.949Z",
      "modified": "2022-12-22T22:09:57.949Z",
      "extensions": {
        "extension-definition--fb9c968a-745b-4ade-9b25-c324172197f4": {
          "extension_type": "new-sdo"
        }
      },
      "name": "Active Scanning: Scanning IP Blocks",
      "technique_id": "T1595.001",
      "description": "Executable uses IPs and hostnames from comps.txt and checks if they are online using ICMP scans",
      "confidence": 100,
      "effect_refs": [
        "attack-condition--55bbea0f-65dd-404a-bfeb-3751297f369e"
      ]
    },
    {
      "type": "attack-condition",
      "id": "attack-condition--55bbea0f-65dd-404a-bfeb-3751297f369e",
      "spec_version": "2.1",
      "created": "2022-12-22T22:09:57.949Z",
      "modified": "2022-12-22T22:09:57.949Z",
      "extensions": {
        "extension-definition--fb9c968a-745b-4ade-9b25-c324172197f4": {
          "extension_type": "new-sdo"
        }
      },
      "description": "Online hosts are directed to check.txt file"
    },
    {
      "type": "tool",
      "id": "tool--5d91d93a-1071-4a5d-93f5-be75d5b7d1c1",
      "spec_version": "2.1",
      "created": "2022-12-22T22:09:57.949Z",
      "modified": "2022-12-22T22:09:57.949Z",
      "name": "check.exe",
      "description": "executable conducting ICMP scans, searching for online systems",
      "tool_types": [
        "information-gathering"
      ]
    },
    {
      "type": "attack-action",
      "id": "attack-action--93d9e541-add1-4515-b288-b163a60efea4",
      "spec_version": "2.1",
      "created": "2022-12-22T22:09:57.949Z",
      "modified": "2022-12-22T22:09:57.949Z",
      "extensions": {
        "extension-definition--fb9c968a-745b-4ade-9b25-c324172197f4": {
          "extension_type": "new-sdo"
        }
      },
      "name": "Lateral Movement",
      "tactic_id": "TA0008",
      "description": "Attackers moved lateral throughout the network to additional domain controllers, backup servers, and file shares using Cobalt Strike",
      "confidence": 100,
      "effect_refs": [
        "attack-action--858fd8b8-6914-4c92-9a7d-66277e7224e4"
      ]
    },
    {
      "type": "malware",
      "id": "malware--13146797-18cc-43b6-8bab-9a88c0e4a6e2",
      "spec_version": "2.1",
      "created": "2022-12-22T22:09:57.949Z",
      "modified": "2022-12-22T22:09:57.949Z",
      "name": "ier.dll",
      "description": "Hancitor DLL file",
      "malware_types": [
        "downloader",
        "trojan"
      ],
      "is_family": true,
      "capabilities": [
        "communicates-with-c2",
        "exfiltrates-data",
        "installs-other-components"
      ]
    },
    {
      "type": "directory",
      "id": "directory--6be350c5-1f9d-4e2b-a29a-37bd155d185f",
      "spec_version": "2.1",
      "created": "2022-12-22T22:09:57.949Z",
      "modified": "2022-12-22T22:09:57.949Z",
      "path": "%APPDATA%\\Microsoft\\templates\\"
    },
    {
      "type": "url",
      "id": "url--a6ebeb18-dc18-47f7-b64c-07ac5828c492",
      "spec_version": "2.1",
      "created": "2022-12-22T22:09:57.949Z",
      "modified": "2022-12-22T22:09:57.949Z",
      "value": "4a5ikol.ru "
    },
    {
      "type": "ipv4-addr",
      "id": "ipv4-addr--1f0a42b3-e753-41a6-8151-1b2751b4b914",
      "spec_version": "2.1",
      "created": "2022-12-22T22:09:57.949Z",
      "modified": "2022-12-22T22:09:57.949Z",
      "value": "8.211.241.0"
    },
    {
      "type": "ipv4-addr",
      "id": "ipv4-addr--2ffb5de4-b7c9-4c18-a931-6b24a5cef301",
      "spec_version": "2.1",
      "created": "2022-12-22T22:09:57.949Z",
      "modified": "2022-12-22T22:09:57.949Z",
      "value": "207.148.23.64"
    },
    {
      "type": "malware",
      "id": "malware--32f888c6-86a8-42bf-828d-44c5b398207f",
      "spec_version": "2.1",
      "created": "2022-12-22T22:09:57.949Z",
      "modified": "2022-12-22T22:09:57.949Z",
      "name": "Cobalt Strike payloads",
      "malware_types": [
        "exploit-kit"
      ],
      "is_family": true,
      "capabilities": [
        "accesses-remote-machines",
        "communicates-with-c2",
        "escalates-privileges",
        "exfiltrates-data",
        "fingerprints-host",
        "installs-other-components",
        "probes-network-environment",
        "steals-authentication-credentials"
      ]
    },
    {
      "type": "malware",
      "id": "malware--c7408153-96a8-4a66-be6f-ac881bb187cc",
      "spec_version": "2.1",
      "created": "2022-12-22T22:09:57.949Z",
      "modified": "2022-12-22T22:09:57.949Z",
      "name": "Ficker Stealer",
      "description": "steals information",
      "malware_types": [
        "trojan"
      ],
      "is_family": true,
      "capabilities": [
        "fingerprints-host",
        "probes-network-environment",
        "steals-authentication-credentials",
        "exfiltrates-data"
      ]
    },
    {
      "type": "tool",
      "id": "tool--cafb8768-db59-4764-9ea1-702ccc4337f2",
      "spec_version": "2.1",
      "created": "2022-12-22T22:09:57.949Z",
      "modified": "2022-12-22T22:09:57.949Z",
      "name": "rundll32.exe",
      "tool_types": [
        "unknown"
      ]
    },
    {
      "type": "ipv4-addr",
      "id": "ipv4-addr--8c8019bc-8d35-48de-b21f-6b3293b7a82f",
      "spec_version": "2.1",
      "created": "2022-12-22T22:09:57.949Z",
      "modified": "2022-12-22T22:09:57.949Z",
      "value": "190.114.254.116"
    },
    {
      "type": "ipv4-addr",
      "id": "ipv4-addr--4986f18c-5013-43e6-9934-3504b2a457fc",
      "spec_version": "2.1",
      "created": "2022-12-22T22:09:57.949Z",
      "modified": "2022-12-22T22:09:57.949Z",
      "value": "190.114.254.116"
    },
    {
      "type": "malware",
      "id": "malware--4e771a07-6800-4fb4-86e7-73718a3aa8bf",
      "spec_version": "2.1",
      "created": "2022-12-22T22:09:57.949Z",
      "modified": "2022-12-22T22:09:57.949Z",
      "name": "cor.dll",
      "description": "Cobalt Strike DLL",
      "malware_types": [
        "exploit-kit"
      ],
      "is_family": true,
      "capabilities": [
        "accesses-remote-machines",
        "communicates-with-c2",
        "escalates-privileges",
        "exfiltrates-data",
        "fingerprints-host",
        "installs-other-components",
        "probes-network-environment",
        "steals-authentication-credentials"
      ]
    },
    {
      "type": "ipv4-addr",
      "id": "ipv4-addr--a850619d-655c-4b2a-aaf0-60ae42998c7c",
      "spec_version": "2.1",
      "created": "2022-12-22T22:09:57.949Z",
      "modified": "2022-12-22T22:09:57.949Z",
      "value": "64.235.39.32"
    },
    {
      "type": "malware",
      "id": "malware--fe0b4d3c-79f7-4562-9fd9-73f5922bc489",
      "spec_version": "2.1",
      "created": "2022-12-22T22:09:57.949Z",
      "modified": "2022-12-22T22:09:57.949Z",
      "name": "Cobalt Strike beacons",
      "malware_types": [
        "exploit-kit"
      ],
      "is_family": true,
      "capabilities": [
        "accesses-remote-machines",
        "communicates-with-c2",
        "escalates-privileges",
        "exfiltrates-data",
        "fingerprints-host",
        "installs-other-components",
        "probes-network-environment",
        "steals-authentication-credentials"
      ]
    },
    {
      "type": "file",
      "id": "file--88d6adf8-19db-4920-afc5-896c2ebc26e8",
      "spec_version": "2.1",
      "created": "2022-12-22T22:09:57.949Z",
      "modified": "2022-12-22T22:09:57.949Z",
      "name": "comps.txt"
    },
    {
      "type": "relationship",
      "id": "relationship--ecb11772-aa4d-4e79-b197-1e6ba9f6fb59",
      "spec_version": "2.1",
      "created": "2022-12-22T22:09:57.949Z",
      "modified": "2022-12-22T22:09:57.949Z",
      "relationship_type": "related-to",
      "source_ref": "attack-action--0fc122a5-7f3b-4a0d-81b4-f841e1d01e1c",
      "target_ref": "infrastructure--9dc784c0-f64e-41c6-815f-d515675071f6"
    },
    {
      "type": "relationship",
      "id": "relationship--c292b733-42b8-4d4b-a931-b93866e86328",
      "spec_version": "2.1",
      "created": "2022-12-22T22:09:57.949Z",
      "modified": "2022-12-22T22:09:57.949Z",
      "relationship_type": "related-to",
      "source_ref": "attack-action--7f226db5-d7a2-4af5-aa98-b2bc3bac699a",
      "target_ref": "directory--6be350c5-1f9d-4e2b-a29a-37bd155d185f"
    },
    {
      "type": "relationship",
      "id": "relationship--2dc28b21-3cf9-4711-82ea-702810e9ed64",
      "spec_version": "2.1",
      "created": "2022-12-22T22:09:57.949Z",
      "modified": "2022-12-22T22:09:57.949Z",
      "relationship_type": "related-to",
      "source_ref": "attack-action--7f226db5-d7a2-4af5-aa98-b2bc3bac699a",
      "target_ref": "malware--13146797-18cc-43b6-8bab-9a88c0e4a6e2"
    },
    {
      "type": "relationship",
      "id": "relationship--2fd3daf4-2219-46de-a61d-e1445f2841c3",
      "spec_version": "2.1",
      "created": "2022-12-22T22:09:57.949Z",
      "modified": "2022-12-22T22:09:57.949Z",
      "relationship_type": "related-to",
      "source_ref": "attack-action--5d55cc3d-c059-4937-a4c6-c1b5a48c3fc1",
      "target_ref": "malware--c7408153-96a8-4a66-be6f-ac881bb187cc"
    },
    {
      "type": "relationship",
      "id": "relationship--9799b09f-df43-4029-9694-6ab986bf4e37",
      "spec_version": "2.1",
      "created": "2022-12-22T22:09:57.949Z",
      "modified": "2022-12-22T22:09:57.949Z",
      "relationship_type": "related-to",
      "source_ref": "attack-action--5d55cc3d-c059-4937-a4c6-c1b5a48c3fc1",
      "target_ref": "malware--32f888c6-86a8-42bf-828d-44c5b398207f"
    },
    {
      "type": "relationship",
      "id": "relationship--d5675f15-e076-4085-a42a-8e73d60bb571",
      "spec_version": "2.1",
      "created": "2022-12-22T22:09:57.949Z",
      "modified": "2022-12-22T22:09:57.949Z",
      "relationship_type": "related-to",
      "source_ref": "attack-action--5d55cc3d-c059-4937-a4c6-c1b5a48c3fc1",
      "target_ref": "infrastructure--050084ef-b861-4ebb-9269-c28b064268b3"
    },
    {
      "type": "relationship",
      "id": "relationship--c795f374-2b21-4906-b260-c538725c8c25",
      "spec_version": "2.1",
      "created": "2022-12-22T22:09:57.949Z",
      "modified": "2022-12-22T22:09:57.949Z",
      "relationship_type": "related-to",
      "source_ref": "attack-action--5d55cc3d-c059-4937-a4c6-c1b5a48c3fc1",
      "target_ref": "infrastructure--246d0643-cd96-4eef-9ceb-e198a3780450"
    },
    {
      "type": "relationship",
      "id": "relationship--d1c9d28d-b063-46d8-a012-071356d4f6f0",
      "spec_version": "2.1",
      "created": "2022-12-22T22:09:57.949Z",
      "modified": "2022-12-22T22:09:57.949Z",
      "relationship_type": "related-to",
      "source_ref": "infrastructure--246d0643-cd96-4eef-9ceb-e198a3780450",
      "target_ref": "ipv4-addr--2ffb5de4-b7c9-4c18-a931-6b24a5cef301"
    },
    {
      "type": "relationship",
      "id": "relationship--068bd712-9d7d-4b13-8e23-81bee7c578b0",
      "spec_version": "2.1",
      "created": "2022-12-22T22:09:57.949Z",
      "modified": "2022-12-22T22:09:57.949Z",
      "relationship_type": "related-to",
      "source_ref": "infrastructure--050084ef-b861-4ebb-9269-c28b064268b3",
      "target_ref": "url--a6ebeb18-dc18-47f7-b64c-07ac5828c492"
    },
    {
      "type": "relationship",
      "id": "relationship--885cc548-be81-48da-b4e9-bdbf5d13f16d",
      "spec_version": "2.1",
      "created": "2022-12-22T22:09:57.949Z",
      "modified": "2022-12-22T22:09:57.949Z",
      "relationship_type": "related-to",
      "source_ref": "infrastructure--050084ef-b861-4ebb-9269-c28b064268b3",
      "target_ref": "ipv4-addr--1f0a42b3-e753-41a6-8151-1b2751b4b914"
    },
    {
      "type": "relationship",
      "id": "relationship--a81f03c7-0842-4bd8-805e-b12b88243f05",
      "spec_version": "2.1",
      "created": "2022-12-22T22:09:57.949Z",
      "modified": "2022-12-22T22:09:57.949Z",
      "relationship_type": "related-to",
      "source_ref": "attack-action--264c553e-266e-4143-983b-35bee0e23a63",
      "target_ref": "tool--ad23cf1d-72aa-40d7-a66a-4e95305cb0ed"
    },
    {
      "type": "relationship",
      "id": "relationship--c2228b81-8cf4-4706-b1b8-747442614570",
      "spec_version": "2.1",
      "created": "2022-12-22T22:09:57.949Z",
      "modified": "2022-12-22T22:09:57.949Z",
      "relationship_type": "related-to",
      "source_ref": "attack-action--d53ce876-ead2-4d68-a864-e340bdc1aa31",
      "target_ref": "malware--4e771a07-6800-4fb4-86e7-73718a3aa8bf"
    },
    {
      "type": "relationship",
      "id": "relationship--d200b1ff-24d8-4c90-96c1-246c5d19616b",
      "spec_version": "2.1",
      "created": "2022-12-22T22:09:57.949Z",
      "modified": "2022-12-22T22:09:57.949Z",
      "relationship_type": "related-to",
      "source_ref": "attack-action--d53ce876-ead2-4d68-a864-e340bdc1aa31",
      "target_ref": "infrastructure--ea1c5706-9374-48ab-bf54-5c1572b4c4ac"
    },
    {
      "type": "relationship",
      "id": "relationship--aa863f86-588c-4715-84e8-134431892277",
      "spec_version": "2.1",
      "created": "2022-12-22T22:09:57.949Z",
      "modified": "2022-12-22T22:09:57.949Z",
      "relationship_type": "related-to",
      "source_ref": "attack-action--d53ce876-ead2-4d68-a864-e340bdc1aa31",
      "target_ref": "tool--7df9e692-418b-4d07-81bc-bd16693656b0"
    },
    {
      "type": "relationship",
      "id": "relationship--3db908c3-5d41-43e6-9169-afcda1489122",
      "spec_version": "2.1",
      "created": "2022-12-22T22:09:57.949Z",
      "modified": "2022-12-22T22:09:57.949Z",
      "relationship_type": "related-to",
      "source_ref": "infrastructure--ea1c5706-9374-48ab-bf54-5c1572b4c4ac",
      "target_ref": "ipv4-addr--4986f18c-5013-43e6-9934-3504b2a457fc"
    },
    {
      "type": "relationship",
      "id": "relationship--53b58c49-15b7-4ab0-b0f8-781a0caa6f52",
      "spec_version": "2.1",
      "created": "2022-12-22T22:09:57.949Z",
      "modified": "2022-12-22T22:09:57.949Z",
      "relationship_type": "related-to",
      "source_ref": "attack-condition--a2793461-43b8-4b30-966f-71295f564b75",
      "target_ref": "tool--cafb8768-db59-4764-9ea1-702ccc4337f2"
    },
    {
      "type": "relationship",
      "id": "relationship--77426a54-9f02-4119-a584-daed8f7ec658",
      "spec_version": "2.1",
      "created": "2022-12-22T22:09:57.949Z",
      "modified": "2022-12-22T22:09:57.949Z",
      "relationship_type": "related-to",
      "source_ref": "attack-action--8c95b74c-07b8-4277-989f-ff499ff32ae4",
      "target_ref": "tool--9f0f8035-5d6a-44e8-8c66-125db8a30a25"
    },
    {
      "type": "relationship",
      "id": "relationship--34e54ab5-10fa-42af-9049-a245b86248b2",
      "spec_version": "2.1",
      "created": "2022-12-22T22:09:57.949Z",
      "modified": "2022-12-22T22:09:57.949Z",
      "relationship_type": "related-to",
      "source_ref": "attack-action--75818fd9-2ca6-43b1-9dd7-08be16fec19c",
      "target_ref": "tool--30bce16b-b3a2-4efe-9024-3a26d7df320c"
    },
    {
      "type": "relationship",
      "id": "relationship--be0f6dd9-acfb-4923-8c95-c0b5e30fc765",
      "spec_version": "2.1",
      "created": "2022-12-22T22:09:57.949Z",
      "modified": "2022-12-22T22:09:57.949Z",
      "relationship_type": "related-to",
      "source_ref": "attack-action--75818fd9-2ca6-43b1-9dd7-08be16fec19c",
      "target_ref": "infrastructure--5cb78035-4d30-4c6e-bc3b-458b3c19fb4e"
    },
    {
      "type": "relationship",
      "id": "relationship--681ff8c7-a35d-40b6-aa22-86120e50ca5a",
      "spec_version": "2.1",
      "created": "2022-12-22T22:09:57.949Z",
      "modified": "2022-12-22T22:09:57.949Z",
      "relationship_type": "related-to",
      "source_ref": "infrastructure--5cb78035-4d30-4c6e-bc3b-458b3c19fb4e",
      "target_ref": "ipv4-addr--a850619d-655c-4b2a-aaf0-60ae42998c7c"
    },
    {
      "type": "relationship",
      "id": "relationship--d25c5963-1472-4cb2-9069-c8e411adf026",
      "spec_version": "2.1",
      "created": "2022-12-22T22:09:57.949Z",
      "modified": "2022-12-22T22:09:57.949Z",
      "relationship_type": "related-to",
      "source_ref": "attack-action--ba5d97f4-f1d8-4a42-8634-a43483c57389",
      "target_ref": "vulnerability--2b660706-ac74-475d-af2d-7be8315a9056"
    },
    {
      "type": "relationship",
      "id": "relationship--10d370fe-ea2e-4e9c-8b55-c0a3367b284d",
      "spec_version": "2.1",
      "created": "2022-12-22T22:09:57.949Z",
      "modified": "2022-12-22T22:09:57.949Z",
      "relationship_type": "related-to",
      "source_ref": "attack-action--ba5d97f4-f1d8-4a42-8634-a43483c57389",
      "target_ref": "tool--22800f67-08d5-42ce-95cf-1b39eff410c1"
    },
    {
      "type": "relationship",
      "id": "relationship--1f2c0b58-ff6e-48db-9fa1-8dd18448b379",
      "spec_version": "2.1",
      "created": "2022-12-22T22:09:57.949Z",
      "modified": "2022-12-22T22:09:57.949Z",
      "relationship_type": "related-to",
      "source_ref": "attack-action--75aac24f-ecf5-4981-9349-2e1d9c9eb38a",
      "target_ref": "malware--fe0b4d3c-79f7-4562-9fd9-73f5922bc489"
    },
    {
      "type": "relationship",
      "id": "relationship--6a1d52d2-8952-4bb2-bc7d-81be613975c6",
      "spec_version": "2.1",
      "created": "2022-12-22T22:09:57.949Z",
      "modified": "2022-12-22T22:09:57.949Z",
      "relationship_type": "related-to",
      "source_ref": "attack-action--858fd8b8-6914-4c92-9a7d-66277e7224e4",
      "target_ref": "tool--3380b981-3dae-4b0e-9fd9-9abee266f383"
    },
    {
      "type": "relationship",
      "id": "relationship--de701378-c30d-4082-b65f-a726ca41203f",
      "spec_version": "2.1",
      "created": "2022-12-22T22:09:57.949Z",
      "modified": "2022-12-22T22:09:57.949Z",
      "relationship_type": "related-to",
      "source_ref": "tool--3380b981-3dae-4b0e-9fd9-9abee266f383",
      "target_ref": "file--88d6adf8-19db-4920-afc5-896c2ebc26e8"
    },
    {
      "type": "relationship",
      "id": "relationship--7ab28908-ee3c-45ee-9647-82689fe51859",
      "spec_version": "2.1",
      "created": "2022-12-22T22:09:57.949Z",
      "modified": "2022-12-22T22:09:57.949Z",
      "relationship_type": "related-to",
      "source_ref": "attack-action--c0a8d30d-8908-49ea-be12-61e7dc39c9a8",
      "target_ref": "tool--5d91d93a-1071-4a5d-93f5-be75d5b7d1c1"
    }
  ]
}