{
  "type": "bundle",
  "id": "bundle--9681d651-712c-4e2f-98e8-06cf50808100",
  "spec_version": "2.1",
  "created": "2023-01-06T08:10:30.578Z",
  "modified": "2023-01-06T08:10:30.578Z",
  "objects": [
    {
      "type": "extension-definition",
      "id": "extension-definition--fb9c968a-745b-4ade-9b25-c324172197f4",
      "spec_version": "2.1",
      "created": "2022-08-02T19:34:35.143Z",
      "modified": "2022-08-02T19:34:35.143Z",
      "name": "Attack Flow",
      "description": "Extends STIX 2.1 with features to create Attack Flows.",
      "created_by_ref": "identity--fb9c968a-745b-4ade-9b25-c324172197f4",
      "schema": "https://center-for-threat-informed-defense.github.io/attack-flow/stix/attack-flow-schema-2.0.0.json",
      "version": "2.0.0",
      "extension_types": [
        "new-sdo"
      ],
      "external_references": [
        {
          "source_name": "Documentation",
          "description": "Documentation for Attack Flow",
          "url": "https://center-for-threat-informed-defense.github.io/attack-flow"
        },
        {
          "source_name": "GitHub",
          "description": "Source code repository for Attack Flow",
          "url": "https://github.com/center-for-threat-informed-defense/attack-flow"
        }
      ]
    },
    {
      "type": "identity",
      "id": "identity--fb9c968a-745b-4ade-9b25-c324172197f4",
      "spec_version": "2.1",
      "created": "2022-08-02T19:34:35.143Z",
      "modified": "2022-08-02T19:34:35.143Z",
      "create_by_ref": "identity--fb9c968a-745b-4ade-9b25-c324172197f4",
      "name": "MITRE Engenuity Center for Threat-Informed Defense",
      "identity_class": "organization"
    },
    {
      "type": "attack-flow",
      "id": "attack-flow--70b69944-7d6d-47da-a768-d0b8717a3433",
      "spec_version": "2.1",
      "created": "2022-10-27T02:44:54.520Z",
      "modified": "2023-01-06T08:10:30.578Z",
      "extensions": {
        "extension-definition--fb9c968a-745b-4ade-9b25-c324172197f4": {
          "extension_type": "new-sdo"
        }
      },
      "created_by_ref": "identity--4f4aa2ea-e1f0-491b-9542-7c0ceb6a4f27",
      "start_refs": [
        "attack-action--c4b5213a-588e-4f70-bb81-731b875ae7d8"
      ],
      "name": "JP Morgan Breach",
      "description": "Attack flow on the 2014 JP Morgan breach.",
      "author": [
        [
          "name",
          "Lauren Parker"
        ],
        [
          "identity_class",
          "23b79ae0fc0f07a3669598dd23c694cc"
        ],
        [
          "contact_information",
          "lparker@mitre.org"
        ]
      ],
      "scope": "incident",
      "external_references": [
        {
          "source_name": "The Security Ledger",
          "description": "Article",
          "url": "https://securityledger.com/2014/10/hacked_password_behind_compromise_of_75m_jpmorgan_accounts/"
        },
        {
          "source_name": "SANS",
          "description": "Whitepaper",
          "url": "https://www.sans.org/white-papers/35822/"
        },
        {
          "source_name": "Computer World",
          "description": "Article",
          "url": "https://www.computerworld.com/article/2862675/twofactor-authentication-oversight-led-to-jpmorgan-breach-investigators-reportedly-found.html"
        },
        {
          "source_name": "Bloomberg",
          "description": "Article",
          "url": "https://www.bloomberg.com/news/articles/2014-08-29/jpmorgan-hack-said-to-span-months-via-multiple-flaws#xj4y7vzkg"
        },
        {
          "source_name": "Trend Micro",
          "description": "Article",
          "url": "https://www.trendmicro.com/vinfo/us/security/news/cyber-attacks/jp-morgan-breach-affects-millions-shows-need-for-secure-web-apps"
        },
        {
          "source_name": "SANS",
          "description": "GIAC Paper",
          "url": "https://www.giac.org/paper/gsec/36190/minimizing-damage-jp-morgans-data-breach/143120"
        }
      ]
    },
    {
      "type": "identity",
      "id": "identity--4f4aa2ea-e1f0-491b-9542-7c0ceb6a4f27",
      "spec_version": "2.1",
      "created": "2023-01-06T08:10:30.578Z",
      "modified": "2023-01-06T08:10:30.578Z",
      "name": "Lauren Parker",
      "identity_class": "individual",
      "contact_information": "lparker@mitre.org"
    },
    {
      "type": "attack-action",
      "id": "attack-action--c4b5213a-588e-4f70-bb81-731b875ae7d8",
      "spec_version": "2.1",
      "created": "2023-01-06T08:10:30.579Z",
      "modified": "2023-01-06T08:10:30.579Z",
      "extensions": {
        "extension-definition--fb9c968a-745b-4ade-9b25-c324172197f4": {
          "extension_type": "new-sdo"
        }
      },
      "name": "Phishing",
      "technique_id": "T1566",
      "description": "Employee interacted with phishing email on their personal computer",
      "confidence": 50,
      "effect_refs": [
        "attack-condition--05935c6a-636d-4ede-8575-15612d5585e5"
      ]
    },
    {
      "type": "attack-condition",
      "id": "attack-condition--05935c6a-636d-4ede-8575-15612d5585e5",
      "spec_version": "2.1",
      "created": "2023-01-06T08:10:30.579Z",
      "modified": "2023-01-06T08:10:30.579Z",
      "extensions": {
        "extension-definition--fb9c968a-745b-4ade-9b25-c324172197f4": {
          "extension_type": "new-sdo"
        }
      },
      "description": "Malware placed on an employee's personal computer",
      "on_true_refs": [
        "attack-action--b47629f7-445c-4605-a0a3-126bfad7d133"
      ]
    },
    {
      "type": "attack-action",
      "id": "attack-action--b47629f7-445c-4605-a0a3-126bfad7d133",
      "spec_version": "2.1",
      "created": "2023-01-06T08:10:30.579Z",
      "modified": "2023-01-06T08:10:30.579Z",
      "extensions": {
        "extension-definition--fb9c968a-745b-4ade-9b25-c324172197f4": {
          "extension_type": "new-sdo"
        }
      },
      "name": "Input Capture",
      "technique_id": "T1056",
      "description": "employee used infected personal computer to connect to victim system through a VPN allowing attackers to steal login credentials of employee",
      "confidence": 100,
      "asset_refs": [
        "attack-asset--0ffc28be-8471-456b-ab02-bc4238777456"
      ],
      "effect_refs": [
        "attack-condition--3328fd28-4441-4a1e-8e90-bf18c634f229"
      ]
    },
    {
      "type": "attack-asset",
      "id": "attack-asset--0ffc28be-8471-456b-ab02-bc4238777456",
      "spec_version": "2.1",
      "created": "2023-01-06T08:10:30.579Z",
      "modified": "2023-01-06T08:10:30.579Z",
      "extensions": {
        "extension-definition--fb9c968a-745b-4ade-9b25-c324172197f4": {
          "extension_type": "new-sdo"
        }
      },
      "name": "VPN"
    },
    {
      "type": "attack-condition",
      "id": "attack-condition--3328fd28-4441-4a1e-8e90-bf18c634f229",
      "spec_version": "2.1",
      "created": "2023-01-06T08:10:30.579Z",
      "modified": "2023-01-06T08:10:30.579Z",
      "extensions": {
        "extension-definition--fb9c968a-745b-4ade-9b25-c324172197f4": {
          "extension_type": "new-sdo"
        }
      },
      "description": "Attackers collect user credentials to access the bank's network",
      "on_true_refs": [
        "attack-action--f6428576-e9f7-4702-9914-a4fa4c9793d7"
      ]
    },
    {
      "type": "attack-action",
      "id": "attack-action--f6428576-e9f7-4702-9914-a4fa4c9793d7",
      "spec_version": "2.1",
      "created": "2023-01-06T08:10:30.579Z",
      "modified": "2023-01-06T08:10:30.579Z",
      "extensions": {
        "extension-definition--fb9c968a-745b-4ade-9b25-c324172197f4": {
          "extension_type": "new-sdo"
        }
      },
      "name": "Exploit Public-Facing Application",
      "technique_id": "T1190",
      "description": "Attackers used valid credentials to exploit the lack of 2-factor authentication into a web-development server",
      "confidence": 100,
      "asset_refs": [
        "attack-asset--9b9f5d4d-7df2-454e-ba2e-c8a821417470"
      ],
      "effect_refs": [
        "attack-action--5a3c9bd6-8fa0-4184-9fb6-bdff06057a1b"
      ]
    },
    {
      "type": "attack-asset",
      "id": "attack-asset--9b9f5d4d-7df2-454e-ba2e-c8a821417470",
      "spec_version": "2.1",
      "created": "2023-01-06T08:10:30.579Z",
      "modified": "2023-01-06T08:10:30.579Z",
      "extensions": {
        "extension-definition--fb9c968a-745b-4ade-9b25-c324172197f4": {
          "extension_type": "new-sdo"
        }
      },
      "name": "Web-development server"
    },
    {
      "type": "attack-action",
      "id": "attack-action--5a3c9bd6-8fa0-4184-9fb6-bdff06057a1b",
      "spec_version": "2.1",
      "created": "2023-01-06T08:10:30.579Z",
      "modified": "2023-01-06T08:10:30.579Z",
      "extensions": {
        "extension-definition--fb9c968a-745b-4ade-9b25-c324172197f4": {
          "extension_type": "new-sdo"
        }
      },
      "name": "Lateral Movement",
      "tactic_id": "TA0008",
      "description": "moved from the web-development server to more than 100 other servers within the network",
      "confidence": 100,
      "asset_refs": [
        "attack-asset--b270e0f4-b644-410d-870e-bc3d3cf28d24",
        "attack-asset--c7704977-2bdf-4486-92b4-7d82d4b43f54",
        "attack-asset--9610b6bc-f13a-479a-92a0-5d804d8a2df3"
      ],
      "effect_refs": [
        "attack-action--ec2cc0ea-2b44-40ef-bc5a-53ccc45ec8b1",
        "attack-action--436b5d27-34fc-45af-a0c4-6c5ac071dbf4"
      ]
    },
    {
      "type": "attack-asset",
      "id": "attack-asset--b270e0f4-b644-410d-870e-bc3d3cf28d24",
      "spec_version": "2.1",
      "created": "2023-01-06T08:10:30.579Z",
      "modified": "2023-01-06T08:10:30.579Z",
      "extensions": {
        "extension-definition--fb9c968a-745b-4ade-9b25-c324172197f4": {
          "extension_type": "new-sdo"
        }
      },
      "name": "Banking data center",
      "description": "compromised"
    },
    {
      "type": "attack-asset",
      "id": "attack-asset--9610b6bc-f13a-479a-92a0-5d804d8a2df3",
      "spec_version": "2.1",
      "created": "2023-01-06T08:10:30.579Z",
      "modified": "2023-01-06T08:10:30.579Z",
      "extensions": {
        "extension-definition--fb9c968a-745b-4ade-9b25-c324172197f4": {
          "extension_type": "new-sdo"
        }
      },
      "name": "Additional lines of business",
      "description": "compromised, including investment banking, credit cards, and commercial and residential banking systems"
    },
    {
      "type": "attack-asset",
      "id": "attack-asset--c7704977-2bdf-4486-92b4-7d82d4b43f54",
      "spec_version": "2.1",
      "created": "2023-01-06T08:10:30.579Z",
      "modified": "2023-01-06T08:10:30.579Z",
      "extensions": {
        "extension-definition--fb9c968a-745b-4ade-9b25-c324172197f4": {
          "extension_type": "new-sdo"
        }
      },
      "name": "Additional servers",
      "description": "compromised"
    },
    {
      "type": "vulnerability",
      "id": "vulnerability--67b20076-2a37-4be8-bc74-4b125a0013e6",
      "spec_version": "2.1",
      "created": "2023-01-06T08:10:30.579Z",
      "modified": "2023-01-06T08:10:30.579Z",
      "name": "CWE-308: Use of Single-factor Authentication"
    },
    {
      "type": "attack-action",
      "id": "attack-action--ec2cc0ea-2b44-40ef-bc5a-53ccc45ec8b1",
      "spec_version": "2.1",
      "created": "2023-01-06T08:10:30.579Z",
      "modified": "2023-01-06T08:10:30.579Z",
      "extensions": {
        "extension-definition--fb9c968a-745b-4ade-9b25-c324172197f4": {
          "extension_type": "new-sdo"
        }
      },
      "name": "Exploitation for Privilege Escalation",
      "technique_id": "T1068",
      "description": "attackers used multiple zero-day attacks to gain access to various systems and move throughout the network",
      "confidence": 100,
      "effect_refs": [
        "attack-operator--b2ddb779-301e-4f7e-abbd-c6715afe8a15"
      ]
    },
    {
      "type": "vulnerability",
      "id": "vulnerability--1fa0ee57-0549-4652-932b-2dd7a262c174",
      "spec_version": "2.1",
      "created": "2023-01-06T08:10:30.579Z",
      "modified": "2023-01-06T08:10:30.579Z",
      "name": "Zero-day vulnerabilities"
    },
    {
      "type": "attack-action",
      "id": "attack-action--436b5d27-34fc-45af-a0c4-6c5ac071dbf4",
      "spec_version": "2.1",
      "created": "2023-01-06T08:10:30.579Z",
      "modified": "2023-01-06T08:10:30.579Z",
      "extensions": {
        "extension-definition--fb9c968a-745b-4ade-9b25-c324172197f4": {
          "extension_type": "new-sdo"
        }
      },
      "name": "Develop Capabilities: Malware",
      "technique_id": "T1587.001",
      "description": "attackers used custom malware targeting various systems/vulnerabilities to move throughout the network",
      "confidence": 100,
      "effect_refs": [
        "attack-operator--b2ddb779-301e-4f7e-abbd-c6715afe8a15"
      ]
    },
    {
      "type": "tool",
      "id": "tool--031e3858-57b3-490c-adcd-79174b065d72",
      "spec_version": "2.1",
      "created": "2023-01-06T08:10:30.579Z",
      "modified": "2023-01-06T08:10:30.579Z",
      "name": "Custom Malware",
      "tool_types": [
        "unknown"
      ]
    },
    {
      "type": "attack-action",
      "id": "attack-action--22366a07-5595-46c6-a246-8713fca3724e",
      "spec_version": "2.1",
      "created": "2023-01-06T08:10:30.579Z",
      "modified": "2023-01-06T08:10:30.579Z",
      "extensions": {
        "extension-definition--fb9c968a-745b-4ade-9b25-c324172197f4": {
          "extension_type": "new-sdo"
        }
      },
      "name": "Input Capture",
      "technique_id": "T1056",
      "description": "attackers collected credentials and other info that customers gave to the bank and vice versa",
      "confidence": 100,
      "effect_refs": [
        "attack-action--72910b74-d081-4b61-a66b-b0affd2d783d"
      ],
      "asset_refs": [
        "attack-asset--bc3b2ea4-5b4b-4b82-8319-c8b1d8a80c1d"
      ]
    },
    {
      "type": "attack-operator",
      "id": "attack-operator--b2ddb779-301e-4f7e-abbd-c6715afe8a15",
      "spec_version": "2.1",
      "created": "2023-01-06T08:10:30.579Z",
      "modified": "2023-01-06T08:10:30.579Z",
      "extensions": {
        "extension-definition--fb9c968a-745b-4ade-9b25-c324172197f4": {
          "extension_type": "new-sdo"
        }
      },
      "operator": "AND",
      "effect_refs": [
        "attack-action--22366a07-5595-46c6-a246-8713fca3724e"
      ]
    },
    {
      "type": "attack-asset",
      "id": "attack-asset--bc3b2ea4-5b4b-4b82-8319-c8b1d8a80c1d",
      "spec_version": "2.1",
      "created": "2023-01-06T08:10:30.579Z",
      "modified": "2023-01-06T08:10:30.579Z",
      "extensions": {
        "extension-definition--fb9c968a-745b-4ade-9b25-c324172197f4": {
          "extension_type": "new-sdo"
        }
      },
      "name": "Customer Data",
      "description": "compromised, including credentials and sensitive information"
    },
    {
      "type": "attack-action",
      "id": "attack-action--72910b74-d081-4b61-a66b-b0affd2d783d",
      "spec_version": "2.1",
      "created": "2023-01-06T08:10:30.579Z",
      "modified": "2023-01-06T08:10:30.579Z",
      "extensions": {
        "extension-definition--fb9c968a-745b-4ade-9b25-c324172197f4": {
          "extension_type": "new-sdo"
        }
      },
      "name": "Exfiltration",
      "tactic_id": "TA0010",
      "description": "attackers slowly extracted gigabytes of data over the course of several months",
      "confidence": 100,
      "effect_refs": [
        "attack-action--15f080d7-77c0-4583-ba2c-a866de1f2d9a"
      ]
    },
    {
      "type": "attack-action",
      "id": "attack-action--15f080d7-77c0-4583-ba2c-a866de1f2d9a",
      "spec_version": "2.1",
      "created": "2023-01-06T08:10:30.579Z",
      "modified": "2023-01-06T08:10:30.579Z",
      "extensions": {
        "extension-definition--fb9c968a-745b-4ade-9b25-c324172197f4": {
          "extension_type": "new-sdo"
        }
      },
      "name": "Proxy: Multi-hop Proxy",
      "technique_id": "T1090.003",
      "description": "attackers routed attacks/exfiltration through computers in several countries, including Brazil",
      "confidence": 100,
      "effect_refs": [
        "attack-action--4219a30c-6b2c-48a0-98f6-d864448210b9"
      ]
    },
    {
      "type": "infrastructure",
      "id": "infrastructure--ac66307f-2077-4dc1-ba05-43baac9c6a93",
      "spec_version": "2.1",
      "created": "2023-01-06T08:10:30.579Z",
      "modified": "2023-01-06T08:10:30.579Z",
      "name": "Multiple Proxies",
      "infrastructure_types": [
        "anonymization"
      ]
    },
    {
      "type": "attack-action",
      "id": "attack-action--4219a30c-6b2c-48a0-98f6-d864448210b9",
      "spec_version": "2.1",
      "created": "2023-01-06T08:10:30.579Z",
      "modified": "2023-01-06T08:10:30.579Z",
      "extensions": {
        "extension-definition--fb9c968a-745b-4ade-9b25-c324172197f4": {
          "extension_type": "new-sdo"
        }
      },
      "name": "Redirected data",
      "description": "Attackers redirected traffic to a large city in Russia",
      "confidence": 100,
      "effect_refs": [
        "attack-action--7a4cae41-8364-43cf-adb1-5a8f2376c833"
      ]
    },
    {
      "type": "attack-action",
      "id": "attack-action--7a4cae41-8364-43cf-adb1-5a8f2376c833",
      "spec_version": "2.1",
      "created": "2023-01-06T08:10:30.579Z",
      "modified": "2023-01-06T08:10:30.579Z",
      "extensions": {
        "extension-definition--fb9c968a-745b-4ade-9b25-c324172197f4": {
          "extension_type": "new-sdo"
        }
      },
      "name": "Indicator Removal on Host",
      "technique_id": "T1070",
      "description": "Attackers used defense evasion techniques and deleted multiple log files",
      "confidence": 100,
      "asset_refs": [
        "attack-asset--c1ce4235-1c78-431d-a20e-3b12aa4acfcc"
      ],
      "effect_refs": [
        "attack-action--7d4a94af-cd71-42fd-8aa1-c27322d79997"
      ]
    },
    {
      "type": "attack-asset",
      "id": "attack-asset--c1ce4235-1c78-431d-a20e-3b12aa4acfcc",
      "spec_version": "2.1",
      "created": "2023-01-06T08:10:30.579Z",
      "modified": "2023-01-06T08:10:30.579Z",
      "extensions": {
        "extension-definition--fb9c968a-745b-4ade-9b25-c324172197f4": {
          "extension_type": "new-sdo"
        }
      },
      "name": "Log files"
    },
    {
      "type": "attack-action",
      "id": "attack-action--7d4a94af-cd71-42fd-8aa1-c27322d79997",
      "spec_version": "2.1",
      "created": "2023-01-06T08:10:30.579Z",
      "modified": "2023-01-06T08:10:30.579Z",
      "extensions": {
        "extension-definition--fb9c968a-745b-4ade-9b25-c324172197f4": {
          "extension_type": "new-sdo"
        }
      },
      "name": "Exploit Public-Facing Application",
      "technique_id": "T1190",
      "description": "Security personnel discovered the breach when a routine scan triggered an alarm for a flaw in one of their websites for charitable race sponsored by bank",
      "confidence": 100
    },
    {
      "type": "location",
      "id": "location--3515815d-70d7-4269-8c8f-50ee5da8cdde",
      "spec_version": "2.1",
      "created": "2023-01-06T08:10:30.579Z",
      "modified": "2023-01-06T08:10:30.579Z",
      "name": "Brazil",
      "description": "location of one of the proxies",
      "country": "Brazil"
    },
    {
      "type": "location",
      "id": "location--66e98888-de6a-4a76-b18e-a17ddbd9c060",
      "spec_version": "2.1",
      "created": "2023-01-06T08:10:30.579Z",
      "modified": "2023-01-06T08:10:30.579Z",
      "name": "Russia",
      "country": "Russia"
    },
    {
      "type": "relationship",
      "id": "relationship--fcb2766d-addf-4bb1-a3c0-095b1e11b0d3",
      "spec_version": "2.1",
      "created": "2023-01-06T08:10:30.579Z",
      "modified": "2023-01-06T08:10:30.579Z",
      "relationship_type": "related-to",
      "source_ref": "attack-action--f6428576-e9f7-4702-9914-a4fa4c9793d7",
      "target_ref": "vulnerability--67b20076-2a37-4be8-bc74-4b125a0013e6"
    },
    {
      "type": "relationship",
      "id": "relationship--d498c98c-daf2-492f-8f4d-afeacfb23280",
      "spec_version": "2.1",
      "created": "2023-01-06T08:10:30.579Z",
      "modified": "2023-01-06T08:10:30.579Z",
      "relationship_type": "related-to",
      "source_ref": "attack-action--ec2cc0ea-2b44-40ef-bc5a-53ccc45ec8b1",
      "target_ref": "vulnerability--1fa0ee57-0549-4652-932b-2dd7a262c174"
    },
    {
      "type": "relationship",
      "id": "relationship--3c421cb4-0f33-48a1-8353-3ab650c01068",
      "spec_version": "2.1",
      "created": "2023-01-06T08:10:30.579Z",
      "modified": "2023-01-06T08:10:30.579Z",
      "relationship_type": "related-to",
      "source_ref": "attack-action--436b5d27-34fc-45af-a0c4-6c5ac071dbf4",
      "target_ref": "tool--031e3858-57b3-490c-adcd-79174b065d72"
    },
    {
      "type": "relationship",
      "id": "relationship--14eef377-1b2e-4aa8-8e58-5cff059bacde",
      "spec_version": "2.1",
      "created": "2023-01-06T08:10:30.579Z",
      "modified": "2023-01-06T08:10:30.579Z",
      "relationship_type": "related-to",
      "source_ref": "attack-action--15f080d7-77c0-4583-ba2c-a866de1f2d9a",
      "target_ref": "infrastructure--ac66307f-2077-4dc1-ba05-43baac9c6a93"
    },
    {
      "type": "relationship",
      "id": "relationship--4f033582-9fac-40d5-8aa2-b0350468c7e5",
      "spec_version": "2.1",
      "created": "2023-01-06T08:10:30.579Z",
      "modified": "2023-01-06T08:10:30.579Z",
      "relationship_type": "related-to",
      "source_ref": "attack-action--15f080d7-77c0-4583-ba2c-a866de1f2d9a",
      "target_ref": "location--3515815d-70d7-4269-8c8f-50ee5da8cdde"
    },
    {
      "type": "relationship",
      "id": "relationship--f6e3a21c-9d8c-4c88-a9c1-660f7a794a51",
      "spec_version": "2.1",
      "created": "2023-01-06T08:10:30.579Z",
      "modified": "2023-01-06T08:10:30.579Z",
      "relationship_type": "related-to",
      "source_ref": "attack-action--4219a30c-6b2c-48a0-98f6-d864448210b9",
      "target_ref": "location--66e98888-de6a-4a76-b18e-a17ddbd9c060"
    }
  ]
}