{
  "type": "bundle",
  "id": "bundle--a6148dcf-9aed-4601-a911-bebcfd1413d6",
  "spec_version": "2.1",
  "created": "2023-03-09T12:31:11.246Z",
  "modified": "2023-03-09T12:31:11.246Z",
  "objects": [
    {
      "type": "extension-definition",
      "id": "extension-definition--fb9c968a-745b-4ade-9b25-c324172197f4",
      "spec_version": "2.1",
      "created": "2022-08-02T19:34:35.143Z",
      "modified": "2022-08-02T19:34:35.143Z",
      "name": "Attack Flow",
      "description": "Extends STIX 2.1 with features to create Attack Flows.",
      "created_by_ref": "identity--fb9c968a-745b-4ade-9b25-c324172197f4",
      "schema": "https://center-for-threat-informed-defense.github.io/attack-flow/stix/attack-flow-schema-2.0.0.json",
      "version": "2.0.0",
      "extension_types": [
        "new-sdo"
      ],
      "external_references": [
        {
          "source_name": "Documentation",
          "description": "Documentation for Attack Flow",
          "url": "https://center-for-threat-informed-defense.github.io/attack-flow"
        },
        {
          "source_name": "GitHub",
          "description": "Source code repository for Attack Flow",
          "url": "https://github.com/center-for-threat-informed-defense/attack-flow"
        }
      ]
    },
    {
      "type": "identity",
      "id": "identity--fb9c968a-745b-4ade-9b25-c324172197f4",
      "spec_version": "2.1",
      "created": "2022-08-02T19:34:35.143Z",
      "modified": "2022-08-02T19:34:35.143Z",
      "create_by_ref": "identity--fb9c968a-745b-4ade-9b25-c324172197f4",
      "name": "MITRE Engenuity Center for Threat-Informed Defense",
      "identity_class": "organization"
    },
    {
      "type": "attack-flow",
      "id": "attack-flow--dd875c61-26a9-4b8b-879e-9f00346300fd",
      "spec_version": "2.1",
      "created": "2022-10-27T02:44:54.520Z",
      "modified": "2023-03-09T12:31:11.246Z",
      "extensions": {
        "extension-definition--fb9c968a-745b-4ade-9b25-c324172197f4": {
          "extension_type": "new-sdo"
        }
      },
      "created_by_ref": "identity--3af37f1e-b642-4863-92a5-0c0487cdd743",
      "start_refs": [
        "attack-action--9ac3cd71-b8e4-4902-a134-5bbf2c3dc9b9",
        "attack-action--d2a45c19-9a32-40ce-bcc7-a4cd4682e2e4",
        "attack-action--698fd2b3-f021-4f74-8141-d48ba11ce09c",
        "attack-action--b8a0b6a3-554c-4cdc-87c0-03c916e52765"
      ],
      "name": "Target Breach",
      "description": "Attack flow for the 2013 Target breach.",
      "scope": "incident",
      "external_references": [
        {
          "source_name": "ZDNET",
          "description": "Article",
          "url": "https://www.zdnet.com/article/anatomy-of-the-target-data-breach-missed-opportunities-and-lessons-learned/"
        },
        {
          "source_name": "SANS",
          "description": "Whitepaper/Case Study",
          "url": "https://sansorg.egnyte.com/dl/g5ykEMZpIk"
        },
        {
          "source_name": "Committee on Commerce, Science, and Transportation",
          "description": "Senate Report",
          "url": "https://www.commerce.senate.gov/services/files/24d3c229-4f2f-405d-b8db-a3a67f183883"
        },
        {
          "source_name": "Krebs on Security",
          "description": "Article",
          "url": "https://krebsonsecurity.com/2014/02/email-attack-on-vendor-set-up-breach-at-target/"
        }
      ]
    },
    {
      "type": "identity",
      "id": "identity--3af37f1e-b642-4863-92a5-0c0487cdd743",
      "spec_version": "2.1",
      "created": "2023-03-09T12:31:11.246Z",
      "modified": "2023-03-09T12:31:11.246Z",
      "name": "Lauren Parker",
      "identity_class": "individual",
      "contact_information": "lparker@mitre.org"
    },
    {
      "type": "attack-action",
      "id": "attack-action--9ac3cd71-b8e4-4902-a134-5bbf2c3dc9b9",
      "spec_version": "2.1",
      "created": "2023-03-09T12:31:11.246Z",
      "modified": "2023-03-09T12:31:11.246Z",
      "extensions": {
        "extension-definition--fb9c968a-745b-4ade-9b25-c324172197f4": {
          "extension_type": "new-sdo"
        }
      },
      "name": "Gather Victim Host Information: Client Configurations",
      "technique_id": "T1592.004",
      "description": "Gathered information on Target network configurations",
      "confidence": 90,
      "effect_refs": [
        "attack-operator--11263b9e-012f-49d6-b4d3-85894f108b4f"
      ]
    },
    {
      "type": "attack-action",
      "id": "attack-action--d2a45c19-9a32-40ce-bcc7-a4cd4682e2e4",
      "spec_version": "2.1",
      "created": "2023-03-09T12:31:11.246Z",
      "modified": "2023-03-09T12:31:11.246Z",
      "extensions": {
        "extension-definition--fb9c968a-745b-4ade-9b25-c324172197f4": {
          "extension_type": "new-sdo"
        }
      },
      "name": "Search Open Websites/Domains: Search Engines",
      "technique_id": "T1593.002",
      "description": "Googled information on Target systems for reconnaissance",
      "confidence": 90,
      "effect_refs": [
        "attack-operator--11263b9e-012f-49d6-b4d3-85894f108b4f"
      ]
    },
    {
      "type": "attack-action",
      "id": "attack-action--698fd2b3-f021-4f74-8141-d48ba11ce09c",
      "spec_version": "2.1",
      "created": "2023-03-09T12:31:11.246Z",
      "modified": "2023-03-09T12:31:11.246Z",
      "extensions": {
        "extension-definition--fb9c968a-745b-4ade-9b25-c324172197f4": {
          "extension_type": "new-sdo"
        }
      },
      "name": "Trusted Relationship",
      "technique_id": "T1199",
      "description": "Targeted third-party supplier to gain access to Target's internal systems",
      "confidence": 100,
      "effect_refs": [
        "attack-action--371fe05f-e6b1-41ea-84ef-2c76f8186089"
      ]
    },
    {
      "type": "attack-action",
      "id": "attack-action--371fe05f-e6b1-41ea-84ef-2c76f8186089",
      "spec_version": "2.1",
      "created": "2023-03-09T12:31:11.246Z",
      "modified": "2023-03-09T12:31:11.246Z",
      "extensions": {
        "extension-definition--fb9c968a-745b-4ade-9b25-c324172197f4": {
          "extension_type": "new-sdo"
        }
      },
      "name": "Phishing",
      "technique_id": "T1566",
      "description": "phishing attempts toward Fazio employees",
      "confidence": 70,
      "effect_refs": [
        "attack-condition--6c666fe2-0a6c-4bb1-8da7-9955f81b187b"
      ],
      "asset_refs": [
        "attack-asset--c9305dd0-51f8-4edd-93e9-5a481a25e80b"
      ]
    },
    {
      "type": "attack-asset",
      "id": "attack-asset--c9305dd0-51f8-4edd-93e9-5a481a25e80b",
      "spec_version": "2.1",
      "created": "2023-03-09T12:31:11.246Z",
      "modified": "2023-03-09T12:31:11.246Z",
      "extensions": {
        "extension-definition--fb9c968a-745b-4ade-9b25-c324172197f4": {
          "extension_type": "new-sdo"
        }
      },
      "name": "Fazio systems",
      "description": "compromised by attackers"
    },
    {
      "type": "attack-action",
      "id": "attack-action--2010cb6c-cca8-45a4-99ca-ed2a2ace8d45",
      "spec_version": "2.1",
      "created": "2023-03-09T12:31:11.246Z",
      "modified": "2023-03-09T12:31:11.246Z",
      "extensions": {
        "extension-definition--fb9c968a-745b-4ade-9b25-c324172197f4": {
          "extension_type": "new-sdo"
        }
      },
      "name": "Valid Accounts: Domain Accounts",
      "technique_id": "T1078.002",
      "description": "Attackers compromised AD credentials ",
      "confidence": 100,
      "asset_refs": [
        "attack-asset--de6fb678-73e8-4861-bde7-b2b76c166f31"
      ],
      "effect_refs": [
        "attack-action--8b0ac8bf-9642-4c25-811c-781942284dac",
        "attack-action--061656fe-ed67-44c1-ab93-82735fa00a8a",
        "attack-action--e269c0fd-053b-46db-95c1-4853c0806a8c",
        "attack-action--8e9bfcf8-bcbd-4a2a-91a8-829c01168a3d"
      ]
    },
    {
      "type": "attack-condition",
      "id": "attack-condition--6c666fe2-0a6c-4bb1-8da7-9955f81b187b",
      "spec_version": "2.1",
      "created": "2023-03-09T12:31:11.246Z",
      "modified": "2023-03-09T12:31:11.246Z",
      "extensions": {
        "extension-definition--fb9c968a-745b-4ade-9b25-c324172197f4": {
          "extension_type": "new-sdo"
        }
      },
      "description": "Phishing attempts successful",
      "on_true_refs": [
        "attack-action--2010cb6c-cca8-45a4-99ca-ed2a2ace8d45"
      ]
    },
    {
      "type": "attack-asset",
      "id": "attack-asset--de6fb678-73e8-4861-bde7-b2b76c166f31",
      "spec_version": "2.1",
      "created": "2023-03-09T12:31:11.246Z",
      "modified": "2023-03-09T12:31:11.246Z",
      "extensions": {
        "extension-definition--fb9c968a-745b-4ade-9b25-c324172197f4": {
          "extension_type": "new-sdo"
        }
      },
      "name": "Ariba System",
      "description": "used by Fazio employees with AD credentials"
    },
    {
      "type": "attack-action",
      "id": "attack-action--b8a0b6a3-554c-4cdc-87c0-03c916e52765",
      "spec_version": "2.1",
      "created": "2023-03-09T12:31:11.246Z",
      "modified": "2023-03-09T12:31:11.246Z",
      "extensions": {
        "extension-definition--fb9c968a-745b-4ade-9b25-c324172197f4": {
          "extension_type": "new-sdo"
        }
      },
      "name": "Ingress Tool Transfer",
      "technique_id": "T1105",
      "description": "Attackers dropped malware to Target's POS systems",
      "confidence": 100,
      "effect_refs": [
        "attack-condition--34892151-7072-445f-9312-c105ba550d77"
      ]
    },
    {
      "type": "attack-condition",
      "id": "attack-condition--34892151-7072-445f-9312-c105ba550d77",
      "spec_version": "2.1",
      "created": "2023-03-09T12:31:11.246Z",
      "modified": "2023-03-09T12:31:11.246Z",
      "extensions": {
        "extension-definition--fb9c968a-745b-4ade-9b25-c324172197f4": {
          "extension_type": "new-sdo"
        }
      },
      "description": "Dropped malware worked successfully on POS systems and RAM scrapping portion began gathering information from card swipes",
      "on_true_refs": [
        "attack-action--d87c651b-5316-414c-acd2-ef1ba840a890",
        "attack-action--c4c51349-fb4e-49af-9466-9a926f84f874"
      ]
    },
    {
      "type": "attack-action",
      "id": "attack-action--8b0ac8bf-9642-4c25-811c-781942284dac",
      "spec_version": "2.1",
      "created": "2023-03-09T12:31:11.246Z",
      "modified": "2023-03-09T12:31:11.246Z",
      "extensions": {
        "extension-definition--fb9c968a-745b-4ade-9b25-c324172197f4": {
          "extension_type": "new-sdo"
        }
      },
      "name": "Valid Accounts: Default Accounts",
      "technique_id": "T1078.00",
      "description": "Attackers may have compromised a default account on the BMC Software Management system to gain further access into Target's network and move laterally",
      "confidence": 90,
      "asset_refs": [
        "attack-asset--6103f692-0ae1-45e8-a3e2-53b702ef0ac0"
      ],
      "effect_refs": [
        "attack-operator--d662af4b-0b28-426f-af26-0e9b79339854"
      ]
    },
    {
      "type": "attack-asset",
      "id": "attack-asset--6103f692-0ae1-45e8-a3e2-53b702ef0ac0",
      "spec_version": "2.1",
      "created": "2023-03-09T12:31:11.246Z",
      "modified": "2023-03-09T12:31:11.246Z",
      "extensions": {
        "extension-definition--fb9c968a-745b-4ade-9b25-c324172197f4": {
          "extension_type": "new-sdo"
        }
      },
      "name": "BMC Software Management System"
    },
    {
      "type": "attack-action",
      "id": "attack-action--c4c51349-fb4e-49af-9466-9a926f84f874",
      "spec_version": "2.1",
      "created": "2023-03-09T12:31:11.246Z",
      "modified": "2023-03-09T12:31:11.246Z",
      "extensions": {
        "extension-definition--fb9c968a-745b-4ade-9b25-c324172197f4": {
          "extension_type": "new-sdo"
        }
      },
      "name": "Scheduled Transfer",
      "technique_id": "T1029",
      "description": "Every seven hours the Trojan malware checks to see if the local time is between the hours of 10 AM and 5 PM",
      "confidence": 100,
      "effect_refs": [
        "attack-condition--ec656f5c-4fe9-404f-8d9c-571cf3ebfa0b"
      ]
    },
    {
      "type": "attack-condition",
      "id": "attack-condition--ec656f5c-4fe9-404f-8d9c-571cf3ebfa0b",
      "spec_version": "2.1",
      "created": "2023-03-09T12:31:11.246Z",
      "modified": "2023-03-09T12:31:11.246Z",
      "extensions": {
        "extension-definition--fb9c968a-745b-4ade-9b25-c324172197f4": {
          "extension_type": "new-sdo"
        }
      },
      "description": "The POS local time is between 10 AM and 5 PM",
      "on_true_refs": [
        "attack-action--4ee6c3a1-4cbc-437d-80da-c78dd57d063a"
      ]
    },
    {
      "type": "attack-action",
      "id": "attack-action--4ee6c3a1-4cbc-437d-80da-c78dd57d063a",
      "spec_version": "2.1",
      "created": "2023-03-09T12:31:11.246Z",
      "modified": "2023-03-09T12:31:11.246Z",
      "extensions": {
        "extension-definition--fb9c968a-745b-4ade-9b25-c324172197f4": {
          "extension_type": "new-sdo"
        }
      },
      "name": "Lateral Tool Transfer",
      "technique_id": "T1570 ",
      "description": "Winxml.dll is sent over a temporary NetBIOS share ",
      "confidence": 70,
      "effect_refs": [
        "attack-action--3473c9f8-ad1c-4984-ad44-fef099578405"
      ]
    },
    {
      "type": "attack-action",
      "id": "attack-action--3473c9f8-ad1c-4984-ad44-fef099578405",
      "spec_version": "2.1",
      "created": "2023-03-09T12:31:11.246Z",
      "modified": "2023-03-09T12:31:11.246Z",
      "extensions": {
        "extension-definition--fb9c968a-745b-4ade-9b25-c324172197f4": {
          "extension_type": "new-sdo"
        }
      },
      "name": "Adversary-in-the-Middle: LLMNR/NBT-NS Poisoning and SMB Relay",
      "technique_id": "T1557.001",
      "description": "A temporary NetBIOS share is established to transfer POS data to an internal dump server",
      "confidence": 100,
      "effect_refs": [
        "attack-action--ccd71d3f-2243-4cc0-8e82-382f649073ab"
      ]
    },
    {
      "type": "attack-action",
      "id": "attack-action--ccd71d3f-2243-4cc0-8e82-382f649073ab",
      "spec_version": "2.1",
      "created": "2023-03-09T12:31:11.246Z",
      "modified": "2023-03-09T12:31:11.246Z",
      "extensions": {
        "extension-definition--fb9c968a-745b-4ade-9b25-c324172197f4": {
          "extension_type": "new-sdo"
        }
      },
      "name": "Data Staged: Remote Data Staging",
      "technique_id": "T1074.002",
      "description": "An internal dump server is created to collect POS information from multiple systems via the temporary NetBIOS share",
      "confidence": 100,
      "effect_refs": [
        "attack-action--08397107-cda4-4f2b-acc9-db91bf4b4e48",
        "attack-action--5bc375fd-6c57-48c2-8506-4c74515137b6"
      ]
    },
    {
      "type": "attack-action",
      "id": "attack-action--08397107-cda4-4f2b-acc9-db91bf4b4e48",
      "spec_version": "2.1",
      "created": "2023-03-09T12:31:11.246Z",
      "modified": "2023-03-09T12:31:11.246Z",
      "extensions": {
        "extension-definition--fb9c968a-745b-4ade-9b25-c324172197f4": {
          "extension_type": "new-sdo"
        }
      },
      "name": "Defense Evasion using Common Ports ",
      "tactic_id": "TA0005",
      "description": "The trojan malware transfer data to the internal dump server using common ports: 80, 139, and 443.",
      "confidence": 100,
      "effect_refs": [
        "attack-condition--ec656f5c-4fe9-404f-8d9c-571cf3ebfa0b"
      ]
    },
    {
      "type": "attack-action",
      "id": "attack-action--5bc375fd-6c57-48c2-8506-4c74515137b6",
      "spec_version": "2.1",
      "created": "2023-03-09T12:31:11.246Z",
      "modified": "2023-03-09T12:31:11.246Z",
      "extensions": {
        "extension-definition--fb9c968a-745b-4ade-9b25-c324172197f4": {
          "extension_type": "new-sdo"
        }
      },
      "name": "Non-Application Layer Protocol",
      "technique_id": "T1095",
      "description": "Once data is stored on the internal dump server, an ICMP packet is sent to a remote server (possibly a C2 server) to alert attackers that data is located on the internal dump server and ready for exfiltration",
      "confidence": 100,
      "effect_refs": [
        "attack-action--1b6f56cd-6a8a-459c-9960-7d8af6e5d7d1"
      ]
    },
    {
      "type": "attack-action",
      "id": "attack-action--1b6f56cd-6a8a-459c-9960-7d8af6e5d7d1",
      "spec_version": "2.1",
      "created": "2023-03-09T12:31:11.246Z",
      "modified": "2023-03-09T12:31:11.246Z",
      "extensions": {
        "extension-definition--fb9c968a-745b-4ade-9b25-c324172197f4": {
          "extension_type": "new-sdo"
        }
      },
      "name": "Exfiltration",
      "tactic_id": "TA0010",
      "description": "Attackers exfiltrate data from the internal dump server to off-site FTP servers using unknown techniques.",
      "confidence": 100
    },
    {
      "type": "attack-action",
      "id": "attack-action--d87c651b-5316-414c-acd2-ef1ba840a890",
      "spec_version": "2.1",
      "created": "2023-03-09T12:31:11.246Z",
      "modified": "2023-03-09T12:31:11.246Z",
      "extensions": {
        "extension-definition--fb9c968a-745b-4ade-9b25-c324172197f4": {
          "extension_type": "new-sdo"
        }
      },
      "name": "Ingress Tool Transfer",
      "technique_id": "T1105",
      "description": "Attackers dropped exfiltration malware onto Target's network",
      "confidence": 100
    },
    {
      "type": "attack-operator",
      "id": "attack-operator--11263b9e-012f-49d6-b4d3-85894f108b4f",
      "spec_version": "2.1",
      "created": "2023-03-09T12:31:11.246Z",
      "modified": "2023-03-09T12:31:11.246Z",
      "extensions": {
        "extension-definition--fb9c968a-745b-4ade-9b25-c324172197f4": {
          "extension_type": "new-sdo"
        }
      },
      "operator": "AND",
      "effect_refs": [
        "attack-action--698fd2b3-f021-4f74-8141-d48ba11ce09c"
      ]
    },
    {
      "type": "attack-operator",
      "id": "attack-operator--d662af4b-0b28-426f-af26-0e9b79339854",
      "spec_version": "2.1",
      "created": "2023-03-09T12:31:11.246Z",
      "modified": "2023-03-09T12:31:11.246Z",
      "extensions": {
        "extension-definition--fb9c968a-745b-4ade-9b25-c324172197f4": {
          "extension_type": "new-sdo"
        }
      },
      "operator": "AND",
      "effect_refs": [
        "attack-action--b8a0b6a3-554c-4cdc-87c0-03c916e52765"
      ]
    },
    {
      "type": "tool",
      "id": "tool--c492196e-a9a7-470f-bec9-113f12f656f7",
      "spec_version": "2.1",
      "created": "2023-03-09T12:31:11.246Z",
      "modified": "2023-03-09T12:31:11.246Z",
      "name": "BlackPOS malware",
      "description": " tailored version of the malware",
      "tool_types": [
        "Exploitation"
      ]
    },
    {
      "type": "tool",
      "id": "tool--f40b3d07-9df6-4c81-abe2-d99c05c77f51",
      "spec_version": "2.1",
      "created": "2023-03-09T12:31:11.246Z",
      "modified": "2023-03-09T12:31:11.246Z",
      "name": "winxml.dll",
      "tool_types": [
        "Unknown"
      ]
    },
    {
      "type": "infrastructure",
      "id": "infrastructure--60671446-e542-4c46-ac89-12456629cb88",
      "spec_version": "2.1",
      "created": "2023-03-09T12:31:11.246Z",
      "modified": "2023-03-09T12:31:11.246Z",
      "name": "NetBIOS Share",
      "infrastructure_types": [
        "Unknown"
      ]
    },
    {
      "type": "infrastructure",
      "id": "infrastructure--2bf42bf8-6ed2-44b0-950c-cadddf754384",
      "spec_version": "2.1",
      "created": "2023-03-09T12:31:11.246Z",
      "modified": "2023-03-09T12:31:11.246Z",
      "name": "Dump Server",
      "infrastructure_types": [
        "Unknown"
      ]
    },
    {
      "type": "identity",
      "id": "identity--a7ce421b-e112-4070-8236-c6121ed68508",
      "spec_version": "2.1",
      "created": "2023-03-09T12:31:11.246Z",
      "modified": "2023-03-09T12:31:11.246Z",
      "name": "Fazio Mechanical",
      "description": "3rd party HVAC company that contracted with Target",
      "roles": [
        "Third-party company"
      ],
      "identity_class": "Organization",
      "sectors": [
        "Utilities"
      ]
    },
    {
      "type": "attack-action",
      "id": "attack-action--e269c0fd-053b-46db-95c1-4853c0806a8c",
      "spec_version": "2.1",
      "created": "2023-03-09T12:31:11.246Z",
      "modified": "2023-03-09T12:31:11.246Z",
      "extensions": {
        "extension-definition--fb9c968a-745b-4ade-9b25-c324172197f4": {
          "extension_type": "new-sdo"
        }
      },
      "name": "Software Deployment Tools",
      "technique_id": "T1072",
      "effect_refs": [
        "attack-operator--d662af4b-0b28-426f-af26-0e9b79339854"
      ]
    },
    {
      "type": "attack-action",
      "id": "attack-action--8e9bfcf8-bcbd-4a2a-91a8-829c01168a3d",
      "spec_version": "2.1",
      "created": "2023-03-09T12:31:11.246Z",
      "modified": "2023-03-09T12:31:11.246Z",
      "extensions": {
        "extension-definition--fb9c968a-745b-4ade-9b25-c324172197f4": {
          "extension_type": "new-sdo"
        }
      },
      "name": "Server Software Component",
      "technique_id": "T1505",
      "effect_refs": [
        "attack-operator--d662af4b-0b28-426f-af26-0e9b79339854"
      ]
    },
    {
      "type": "attack-action",
      "id": "attack-action--061656fe-ed67-44c1-ab93-82735fa00a8a",
      "spec_version": "2.1",
      "created": "2023-03-09T12:31:11.246Z",
      "modified": "2023-03-09T12:31:11.246Z",
      "extensions": {
        "extension-definition--fb9c968a-745b-4ade-9b25-c324172197f4": {
          "extension_type": "new-sdo"
        }
      },
      "name": "Exploitation for Client Execution",
      "technique_id": "T1203",
      "effect_refs": [
        "attack-operator--d662af4b-0b28-426f-af26-0e9b79339854"
      ]
    },
    {
      "type": "relationship",
      "id": "relationship--756bd18d-0dd8-4154-8d6a-9a70fc7511b7",
      "spec_version": "2.1",
      "created": "2023-03-09T12:31:11.246Z",
      "modified": "2023-03-09T12:31:11.246Z",
      "relationship_type": "related-to",
      "source_ref": "attack-action--698fd2b3-f021-4f74-8141-d48ba11ce09c",
      "target_ref": "identity--a7ce421b-e112-4070-8236-c6121ed68508"
    },
    {
      "type": "relationship",
      "id": "relationship--cd87b005-6023-465c-b14f-319ba731692e",
      "spec_version": "2.1",
      "created": "2023-03-09T12:31:11.246Z",
      "modified": "2023-03-09T12:31:11.246Z",
      "relationship_type": "related-to",
      "source_ref": "attack-action--b8a0b6a3-554c-4cdc-87c0-03c916e52765",
      "target_ref": "tool--c492196e-a9a7-470f-bec9-113f12f656f7"
    },
    {
      "type": "relationship",
      "id": "relationship--54d358e7-7013-4757-bb3c-bfce9c1ccfbc",
      "spec_version": "2.1",
      "created": "2023-03-09T12:31:11.246Z",
      "modified": "2023-03-09T12:31:11.246Z",
      "relationship_type": "related-to",
      "source_ref": "attack-action--4ee6c3a1-4cbc-437d-80da-c78dd57d063a",
      "target_ref": "tool--f40b3d07-9df6-4c81-abe2-d99c05c77f51"
    },
    {
      "type": "relationship",
      "id": "relationship--4fe25ceb-1fee-4988-bdbb-f34a7c0e0e8d",
      "spec_version": "2.1",
      "created": "2023-03-09T12:31:11.246Z",
      "modified": "2023-03-09T12:31:11.246Z",
      "relationship_type": "related-to",
      "source_ref": "attack-action--3473c9f8-ad1c-4984-ad44-fef099578405",
      "target_ref": "infrastructure--60671446-e542-4c46-ac89-12456629cb88"
    },
    {
      "type": "relationship",
      "id": "relationship--bb0e1a86-2e66-4f49-9ed6-ed3a79513dbf",
      "spec_version": "2.1",
      "created": "2023-03-09T12:31:11.246Z",
      "modified": "2023-03-09T12:31:11.246Z",
      "relationship_type": "related-to",
      "source_ref": "attack-action--ccd71d3f-2243-4cc0-8e82-382f649073ab",
      "target_ref": "infrastructure--2bf42bf8-6ed2-44b0-950c-cadddf754384"
    }
  ]
}